feature,importance
num__DAY_OF_MONTH,0.389944270670954
num__DAY_OF_WEEK,0.0966221375576359
num__CRS_DEP_TIME,0.09533281057977949
cat__OP_UNIQUE_CARRIER_WN,0.03872874279438003
num__DISTANCE,0.034845933038014726
num__CRS_ARR_TIME,0.030004390694464467
cat__ORIGIN_DEN,0.02911891014562574
num__CRS_ELAPSED_TIME,0.02306712310460593
cat__ORIGIN_ATL,0.019115181747954763
cat__DEST_DEN,0.014310640410380859
cat__OP_UNIQUE_CARRIER_OH,0.013234387606519004
cat__DEST_DFW,0.011520819382032152
cat__ORIGIN_ORD,0.011235648540218284
cat__DEST_ATL,0.01073184663431682
cat__ORIGIN_DFW,0.009561713935477991
cat__DEST_LGA,0.009326886771858162
cat__OP_UNIQUE_CARRIER_OO,0.008988664929764972
cat__OP_UNIQUE_CARRIER_YX,0.008920541498547443
cat__OP_UNIQUE_CARRIER_HA,0.00854218872785437
cat__OP_UNIQUE_CARRIER_DL,0.006721315534400564
cat__OP_UNIQUE_CARRIER_B6,0.006535188557566681
cat__DEST_LAS,0.006434721557576267
cat__ORIGIN_DTW,0.0057483976710169206
cat__ORIGIN_LGA,0.005739381893314308
cat__OP_UNIQUE_CARRIER_AA,0.005022442239227327
cat__DEST_ORD,0.0049000846015937564
cat__ORIGIN_MIA,0.004662641217424442
cat__DEST_MIA,0.0044893296034628
cat__ORIGIN_DCA,0.004440611480825545
cat__DEST_DCA,0.0041832005553685435
cat__ORIGIN_LAS,0.004010921856927175
cat__ORIGIN_BOS,0.003956527657148909
cat__ORIGIN_PHL,0.003695305589208359
cat__OP_UNIQUE_CARRIER_G4,0.0032836750306459847
cat__ORIGIN_CLT,0.0032195548407722555
cat__OP_UNIQUE_CARRIER_F9,0.0025828987608944444
cat__ORIGIN_SFO,0.0022749492698735095
cat__DEST_FLL,0.002158750198874511
cat__ORIGIN_SEA,0.002083216961685941
cat__DEST_MCO,0.0019708316446794276
cat__DEST_EWR,0.0019304626904572842
cat__OP_UNIQUE_CARRIER_UA,0.0019268677269457797
cat__DEST_DTW,0.0019255893044423475
cat__DEST_SFO,0.0017023934627928077
cat__ORIGIN_IAH,0.0016097815587799516
cat__ORIGIN_LAX,0.0016065361168180077
cat__ORIGIN_PIT,0.0015991891823431193
cat__ORIGIN_SAN,0.0015706503593769614
cat__DEST_IAH,0.001563538842448644
cat__ORIGIN_MDW,0.001555793345975316
cat__DEST_PBI,0.0014204230482332857
cat__DEST_SAN,0.0014008214279058275
cat__ORIGIN_BWI,0.0013334428440898653
cat__DEST_CLT,0.0013312400457426107
cat__ORIGIN_MSP,0.001292877300768025
cat__ORIGIN_JFK,0.0012481242978615863
cat__ORIGIN_SLC,0.0012442818101574351
cat__DEST_TPA,0.0011600116208179817
cat__ORIGIN_PHX,0.0011535808610669974
cat__ORIGIN_HNL,0.0011198373897668376
cat__OP_UNIQUE_CARRIER_NK,0.001050224123193238
cat__ORIGIN_MCO,0.0010443620659370979
cat__DEST_RSW,0.000991716762228988
cat__DEST_DAL,0.0009502279581551946
cat__ORIGIN_CLE,0.0009238763219908202
cat__DEST_ANC,0.0008663355759073408
cat__DEST_PHX,0.0008148700881252744
cat__ORIGIN_SDF,0.0007504028567788683
cat__DEST_BOS,0.0006833244225635122
cat__DEST_MDW,0.0006398198931171264
cat__DEST_MSP,0.0006115533131000338
cat__ORIGIN_FLL,0.000549040234657223
num__DISTANCE_GROUP,0.0005133167884781147
cat__DEST_HOU,0.0004911696075113769
cat__DEST_IAD,0.00047834979821824046
cat__ORIGIN_IAD,0.0004350500994663644
cat__ORIGIN_EWR,0.00043107978166367976
cat__OP_UNIQUE_CARRIER_AS,0.00043010739231962453
cat__ORIGIN_SMF,0.0004162594644666055
cat__DEST_LAX,0.00040595896182619756
cat__ORIGIN_STL,0.00035654443232799933
cat__DEST_AUS,0.00031159696616288513
cat__ORIGIN_TPA,0.0003079139782803225
cat__DEST_SEA,0.00029861072990626346
cat__DEP_TIME_BLK_1900-1959,0.0002892390097972831
cat__DEP_TIME_BLK_0600-0659,0.00027435739994438764
cat__DEP_TIME_BLK_1800-1859,0.00026337293490022527
cat__DEST_BWI,0.00024875327670804384
cat__ORIGIN_RDU,0.00024133282367944526
cat__ORIGIN_HOU,0.00023663661255696674
cat__DEP_TIME_BLK_1100-1159,0.0002265011417684049
cat__DEST_JFK,0.00022404540875896204
cat__DEP_TIME_BLK_1200-1259,0.00021569985338506538
cat__DEP_TIME_BLK_0900-0959,0.00021213448111105022
cat__DEP_TIME_BLK_1600-1659,0.0001997050066837439
cat__DEP_TIME_BLK_1000-1059,0.0001968467236513725
cat__DEST_HNL,0.0001879602310525114
cat__DEST_BNA,0.00018736277247546757
cat__ORIGIN_CMH,0.000143273200655349
cat__ORIGIN_AUS,0.00013431926656421483
cat__DEST_MSY,0.00012943778106002513
cat__OP_UNIQUE_CARRIER_MQ,0.00012631922641090547
cat__DEP_TIME_BLK_2000-2059,0.00011657781618697625
cat__DEST_OGG,0.00010183608898858764
cat__DEP_TIME_BLK_1400-1459,8.929052956858247e-05
cat__DEST_STL,8.318427191400764e-05
cat__ORIGIN_BNA,6.72375319110731e-05
cat__DEP_TIME_BLK_0700-0759,5.116604830430963e-05
cat__DEP_TIME_BLK_1500-1559,3.431234158282408e-05
cat__DEP_TIME_BLK_0800-0859,5.157874334265961e-06
cat__ORIGIN_ACV,0.0
cat__ORIGIN_ACY,0.0
cat__ORIGIN_ADK,0.0
cat__ORIGIN_AEX,0.0
cat__ORIGIN_AGS,0.0
cat__ORIGIN_ALB,0.0
cat__ORIGIN_AMA,0.0
cat__ORIGIN_ANC,0.0
cat__ORIGIN_APN,0.0
cat__ORIGIN_ASE,0.0
cat__ORIGIN_ATW,0.0
cat__ORIGIN_AVL,0.0
cat__ORIGIN_AVP,0.0
cat__ORIGIN_AZA,0.0
cat__ORIGIN_AZO,0.0
cat__ORIGIN_BDL,0.0
cat__ORIGIN_BET,0.0
cat__ORIGIN_BFF,0.0
cat__ORIGIN_BFL,0.0
cat__ORIGIN_BGR,0.0
cat__ORIGIN_BHM,0.0
cat__ORIGIN_BIH,0.0
cat__ORIGIN_BIL,0.0
cat__ORIGIN_BIS,0.0
cat__ORIGIN_BJI,0.0
cat__ORIGIN_BLI,0.0
cat__ORIGIN_BLV,0.0
cat__ORIGIN_BMI,0.0
cat__ORIGIN_BOI,0.0
cat__ORIGIN_BPT,0.0
cat__ORIGIN_BQN,0.0
cat__ORIGIN_BRD,0.0
cat__ORIGIN_BRO,0.0
cat__ORIGIN_BRW,0.0
cat__ORIGIN_BTM,0.0
cat__ORIGIN_BTR,0.0
cat__ORIGIN_BTV,0.0
cat__ORIGIN_BUF,0.0
cat__ORIGIN_BUR,0.0
cat__ORIGIN_BZN,0.0
cat__ORIGIN_CAE,0.0
cat__ORIGIN_CAK,0.0
cat__ORIGIN_CDC,0.0
cat__ORIGIN_CDV,0.0
cat__ORIGIN_CHA,0.0
cat__ORIGIN_CHO,0.0
cat__ORIGIN_CHS,0.0
cat__ORIGIN_CID,0.0
cat__ORIGIN_CIU,0.0
cat__ORIGIN_CKB,0.0
cat__ORIGIN_CLL,0.0
cat__ORIGIN_CMI,0.0
cat__ORIGIN_CMX,0.0
cat__ORIGIN_COD,0.0
cat__ORIGIN_COS,0.0
cat__ORIGIN_COU,0.0
cat__ORIGIN_CPR,0.0
cat__ORIGIN_CRP,0.0
cat__ORIGIN_CRW,0.0
cat__ORIGIN_CVG,0.0
cat__ORIGIN_CYS,0.0
cat__ORIGIN_DAB,0.0
cat__ORIGIN_DAL,0.0
cat__ORIGIN_DAY,0.0
cat__ORIGIN_DDC,0.0
cat__ORIGIN_DEC,0.0
cat__ORIGIN_DIK,0.0
cat__ORIGIN_DLH,0.0
cat__ORIGIN_DRO,0.0
cat__ORIGIN_DSM,0.0
cat__ORIGIN_DVL,0.0
cat__ORIGIN_EAR,0.0
cat__ORIGIN_EAU,0.0
cat__ORIGIN_ECP,0.0
cat__ORIGIN_EGE,0.0
cat__ORIGIN_EKO,0.0
cat__ORIGIN_ELM,0.0
cat__ORIGIN_ELP,0.0
cat__ORIGIN_ESC,0.0
cat__ORIGIN_EUG,0.0
cat__ORIGIN_EVV,0.0
cat__ORIGIN_EYW,0.0
cat__ORIGIN_FAI,0.0
cat__ORIGIN_FAR,0.0
cat__ORIGIN_FAT,0.0
cat__ORIGIN_FAY,0.0
cat__ORIGIN_FCA,0.0
cat__ORIGIN_FLG,0.0
cat__ORIGIN_FNT,0.0
cat__ORIGIN_FOD,0.0
cat__ORIGIN_FSD,0.0
cat__ORIGIN_FSM,0.0
cat__ORIGIN_FWA,0.0
cat__ORIGIN_GCC,0.0
cat__ORIGIN_GCK,0.0
cat__ORIGIN_GEG,0.0
cat__ORIGIN_GFK,0.0
cat__ORIGIN_GGG,0.0
cat__ORIGIN_GJT,0.0
cat__ORIGIN_GNV,0.0
cat__ORIGIN_GPT,0.0
cat__ORIGIN_GRB,0.0
cat__ORIGIN_GRI,0.0
cat__ORIGIN_GRK,0.0
cat__ORIGIN_GRR,0.0
cat__ORIGIN_GSO,0.0
cat__ORIGIN_GSP,0.0
cat__ORIGIN_GTF,0.0
cat__ORIGIN_GUC,0.0
cat__ORIGIN_GUM,0.0
cat__ORIGIN_HDN,0.0
cat__ORIGIN_HGR,0.0
cat__ORIGIN_HHH,0.0
cat__ORIGIN_HIB,0.0
cat__ORIGIN_HLN,0.0
cat__ORIGIN_HOB,0.0
cat__ORIGIN_HPN,0.0
cat__ORIGIN_HRL,0.0
cat__ORIGIN_HSV,0.0
cat__ORIGIN_HTS,0.0
cat__ORIGIN_HYS,0.0
cat__ORIGIN_IAG,0.0
cat__ORIGIN_ICT,0.0
cat__ORIGIN_IDA,0.0
cat__ORIGIN_ILM,0.0
cat__ORIGIN_IMT,0.0
cat__ORIGIN_IND,0.0
cat__ORIGIN_INL,0.0
cat__ORIGIN_ISP,0.0
cat__ORIGIN_ITO,0.0
cat__ORIGIN_JAC,0.0
cat__ORIGIN_JAN,0.0
cat__ORIGIN_JAX,0.0
cat__ORIGIN_JLN,0.0
cat__ORIGIN_JMS,0.0
cat__ORIGIN_JNU,0.0
cat__ORIGIN_JST,0.0
cat__ORIGIN_KOA,0.0
cat__ORIGIN_KTN,0.0
cat__ORIGIN_LAN,0.0
cat__ORIGIN_LAR,0.0
cat__ORIGIN_LAW,0.0
cat__ORIGIN_LBB,0.0
cat__ORIGIN_LBE,0.0
cat__ORIGIN_LBF,0.0
cat__ORIGIN_LBL,0.0
cat__ORIGIN_LCH,0.0
cat__ORIGIN_LCK,0.0
cat__ORIGIN_LEX,0.0
cat__ORIGIN_LFT,0.0
cat__ORIGIN_LGB,0.0
cat__ORIGIN_LIH,0.0
cat__ORIGIN_LIT,0.0
cat__ORIGIN_LNK,0.0
cat__ORIGIN_LRD,0.0
cat__ORIGIN_LSE,0.0
cat__ORIGIN_LWS,0.0
cat__ORIGIN_MAF,0.0
cat__ORIGIN_MBS,0.0
cat__ORIGIN_MCI,0.0
cat__ORIGIN_MCW,0.0
cat__ORIGIN_MDT,0.0
cat__ORIGIN_MEI,0.0
cat__ORIGIN_MEM,0.0
cat__ORIGIN_MFE,0.0
cat__ORIGIN_MFR,0.0
cat__ORIGIN_MGM,0.0
cat__ORIGIN_MGW,0.0
cat__ORIGIN_MHK,0.0
cat__ORIGIN_MHT,0.0
cat__ORIGIN_MKE,0.0
cat__ORIGIN_MLB,0.0
cat__ORIGIN_MLI,0.0
cat__ORIGIN_MLU,0.0
cat__ORIGIN_MOB,0.0
cat__ORIGIN_MOT,0.0
cat__ORIGIN_MQT,0.0
cat__ORIGIN_MRY,0.0
cat__ORIGIN_MSN,0.0
cat__ORIGIN_MSO,0.0
cat__ORIGIN_MSY,0.0
cat__ORIGIN_MTJ,0.0
cat__ORIGIN_MYR,0.0
cat__ORIGIN_OAJ,0.0
cat__ORIGIN_OAK,0.0
cat__ORIGIN_OGG,0.0
cat__ORIGIN_OKC,0.0
cat__ORIGIN_OMA,0.0
cat__ORIGIN_OME,0.0
cat__ORIGIN_ONT,0.0
cat__ORIGIN_ORF,0.0
cat__ORIGIN_ORH,0.0
cat__ORIGIN_OTH,0.0
cat__ORIGIN_OTZ,0.0
cat__ORIGIN_PAE,0.0
cat__ORIGIN_PBG,0.0
cat__ORIGIN_PBI,0.0
cat__ORIGIN_PDX,0.0
cat__ORIGIN_PGD,0.0
cat__ORIGIN_PIA,0.0
cat__ORIGIN_PIB,0.0
cat__ORIGIN_PIE,0.0
cat__ORIGIN_PIH,0.0
cat__ORIGIN_PLN,0.0
cat__ORIGIN_PNS,0.0
cat__ORIGIN_PPG,0.0
cat__ORIGIN_PQI,0.0
cat__ORIGIN_PRC,0.0
cat__ORIGIN_PSC,0.0
cat__ORIGIN_PSE,0.0
cat__ORIGIN_PSG,0.0
cat__ORIGIN_PSM,0.0
cat__ORIGIN_PSP,0.0
cat__ORIGIN_PVD,0.0
cat__ORIGIN_PVU,0.0
cat__ORIGIN_PWM,0.0
cat__ORIGIN_RAP,0.0
cat__ORIGIN_RDD,0.0
cat__ORIGIN_RDM,0.0
cat__ORIGIN_RFD,0.0
cat__ORIGIN_RHI,0.0
cat__ORIGIN_RIC,0.0
cat__ORIGIN_RIW,0.0
cat__ORIGIN_RKS,0.0
cat__ORIGIN_RNO,0.0
cat__ORIGIN_ROA,0.0
cat__ORIGIN_ROC,0.0
cat__ORIGIN_ROW,0.0
cat__ORIGIN_RST,0.0
cat__ORIGIN_RSW,0.0
cat__ORIGIN_SAF,0.0
cat__ORIGIN_SAT,0.0
cat__ORIGIN_SAV,0.0
cat__ORIGIN_SBA,0.0
cat__ORIGIN_SBN,0.0
cat__ORIGIN_SBP,0.0
cat__ORIGIN_SCC,0.0
cat__ORIGIN_SCE,0.0
cat__ORIGIN_SCK,0.0
cat__ORIGIN_SFB,0.0
cat__ORIGIN_SGF,0.0
cat__ORIGIN_SGU,0.0
cat__ORIGIN_SHR,0.0
cat__ORIGIN_SHV,0.0
cat__ORIGIN_SIT,0.0
cat__ORIGIN_SJC,0.0
cat__ORIGIN_SJT,0.0
cat__ORIGIN_SJU,0.0
cat__ORIGIN_SLN,0.0
cat__ORIGIN_SMX,0.0
cat__ORIGIN_SNA,0.0
cat__ORIGIN_SPI,0.0
cat__ORIGIN_SPN,0.0
cat__ORIGIN_SPS,0.0
cat__ORIGIN_SRQ,0.0
cat__ORIGIN_STC,0.0
cat__ORIGIN_STS,0.0
cat__ORIGIN_STT,0.0
cat__ORIGIN_STX,0.0
cat__ORIGIN_SUN,0.0
cat__ORIGIN_SUX,0.0
cat__ORIGIN_SWF,0.0
cat__ORIGIN_SWO,0.0
cat__ORIGIN_SYR,0.0
cat__ORIGIN_TLH,0.0
cat__ORIGIN_TOL,0.0
cat__ORIGIN_TRI,0.0
cat__ORIGIN_TTN,0.0
cat__ORIGIN_TUL,0.0
cat__ORIGIN_TUS,0.0
cat__ORIGIN_TVC,0.0
cat__ORIGIN_TWF,0.0
cat__ORIGIN_TXK,0.0
cat__ORIGIN_TYR,0.0
cat__ORIGIN_TYS,0.0
cat__ORIGIN_USA,0.0
cat__ORIGIN_VCT,0.0
cat__ORIGIN_VPS,0.0
cat__ORIGIN_WRG,0.0
cat__ORIGIN_XNA,0.0
cat__ORIGIN_XWA,0.0
cat__ORIGIN_YAK,0.0
cat__ORIGIN_YUM,0.0
cat__DEST_ABE,0.0
cat__DEST_ABI,0.0
cat__DEST_ABQ,0.0
cat__DEST_ABR,0.0
cat__DEST_ABY,0.0
cat__DEST_ACT,0.0
cat__DEST_ACV,0.0
cat__DEST_ACY,0.0
cat__DEST_ADK,0.0
cat__DEST_ADQ,0.0
cat__DEST_AEX,0.0
cat__DEST_AGS,0.0
cat__DEST_ALB,0.0
cat__DEST_AMA,0.0
cat__DEST_APN,0.0
cat__DEST_ASE,0.0
cat__DEST_ATW,0.0
cat__DEST_AVL,0.0
cat__DEST_AVP,0.0
cat__DEST_AZA,0.0
cat__DEST_AZO,0.0
cat__DEST_BDL,0.0
cat__DEST_BET,0.0
cat__DEST_BFF,0.0
cat__DEST_BFL,0.0
cat__DEST_BGR,0.0
cat__DEST_BHM,0.0
cat__DEST_BIH,0.0
cat__DEST_BIL,0.0
cat__DEST_BIS,0.0
cat__DEST_BJI,0.0
cat__DEST_BLI,0.0
cat__DEST_BLV,0.0
cat__DEST_BMI,0.0
cat__DEST_BOI,0.0
cat__DEST_BPT,0.0
cat__DEST_BQN,0.0
cat__DEST_BRD,0.0
cat__DEST_BRO,0.0
cat__DEST_BRW,0.0
cat__DEST_BTM,0.0
cat__DEST_BTR,0.0
cat__DEST_BTV,0.0
cat__DEST_BUF,0.0
cat__DEST_BUR,0.0
cat__DEST_BZN,0.0
cat__DEST_CAE,0.0
cat__DEST_CAK,0.0
cat__DEST_CDC,0.0
cat__DEST_CDV,0.0
cat__DEST_CHA,0.0
cat__DEST_CHO,0.0
cat__DEST_CHS,0.0
cat__DEST_CID,0.0
cat__DEST_CIU,0.0
cat__DEST_CKB,0.0
cat__DEST_CLE,0.0
cat__DEST_CLL,0.0
cat__DEST_CMH,0.0
cat__DEST_CMI,0.0
cat__DEST_CMX,0.0
cat__DEST_COD,0.0
cat__DEST_COS,0.0
cat__DEST_COU,0.0
cat__DEST_CPR,0.0
cat__DEST_CRP,0.0
cat__DEST_CRW,0.0
cat__DEST_CVG,0.0
cat__DEST_CYS,0.0
cat__DEST_DAB,0.0
cat__DEST_DAY,0.0
cat__DEST_DDC,0.0
cat__DEST_DEC,0.0
cat__DEST_DIK,0.0
cat__DEST_DLH,0.0
cat__DEST_DRO,0.0
cat__DEST_DSM,0.0
cat__DEST_DVL,0.0
cat__DEST_EAR,0.0
cat__DEST_EAU,0.0
cat__DEST_ECP,0.0
cat__DEST_EGE,0.0
cat__DEST_EKO,0.0
cat__DEST_ELM,0.0
cat__DEST_ELP,0.0
cat__DEST_ESC,0.0
cat__DEST_EUG,0.0
cat__DEST_EVV,0.0
cat__DEST_EYW,0.0
cat__DEST_FAI,0.0
cat__DEST_FAR,0.0
cat__DEST_FAT,0.0
cat__DEST_FAY,0.0
cat__DEST_FCA,0.0
cat__DEST_FLG,0.0
cat__DEST_FNT,0.0
cat__DEST_FOD,0.0
cat__DEST_FSD,0.0
cat__DEST_FSM,0.0
cat__DEST_FWA,0.0
cat__DEST_GCC,0.0
cat__DEST_GCK,0.0
cat__DEST_GEG,0.0
cat__DEST_GFK,0.0
cat__DEST_GGG,0.0
cat__DEST_GJT,0.0
cat__DEST_GNV,0.0
cat__DEST_GPT,0.0
cat__DEST_GRB,0.0
cat__DEST_GRI,0.0
cat__DEST_GRK,0.0
cat__DEST_GRR,0.0
cat__DEST_GSO,0.0
cat__DEST_GSP,0.0
cat__DEST_GTF,0.0
cat__DEST_GUC,0.0
cat__DEST_GUM,0.0
cat__DEST_HDN,0.0
cat__DEST_HGR,0.0
cat__DEST_HHH,0.0
cat__DEST_HIB,0.0
cat__DEST_HLN,0.0
cat__DEST_HOB,0.0
cat__DEST_HPN,0.0
cat__DEST_HRL,0.0
cat__DEST_HSV,0.0
cat__DEST_HTS,0.0
cat__DEST_HYS,0.0
cat__DEST_IAG,0.0
cat__DEST_ICT,0.0
cat__DEST_IDA,0.0
cat__DEST_ILM,0.0
cat__DEST_IMT,0.0
cat__DEST_IND,0.0
cat__DEST_INL,0.0
cat__DEST_ISP,0.0
cat__DEST_ITO,0.0
cat__DEST_JAC,0.0
cat__DEST_JAN,0.0
cat__DEST_JAX,0.0
cat__DEST_JLN,0.0
cat__DEST_JMS,0.0
cat__DEST_JNU,0.0
cat__DEST_JST,0.0
cat__DEST_KOA,0.0
cat__DEST_KTN,0.0
cat__DEST_LAN,0.0
cat__DEST_LAR,0.0
cat__DEST_LAW,0.0
cat__DEST_LBB,0.0
cat__DEST_LBE,0.0
cat__DEST_LBF,0.0
cat__DEST_LBL,0.0
cat__DEST_LCH,0.0
cat__DEST_LCK,0.0
cat__DEST_LEX,0.0
cat__DEST_LFT,0.0
cat__DEST_LGB,0.0
cat__DEST_LIH,0.0
cat__DEST_LIT,0.0
cat__DEST_LNK,0.0
cat__DEST_LRD,0.0
cat__DEST_LSE,0.0
cat__DEST_LWS,0.0
cat__DEST_MAF,0.0
cat__DEST_MBS,0.0
cat__DEST_MCI,0.0
cat__DEST_MCW,0.0
cat__DEST_MDT,0.0
cat__DEST_MEI,0.0
cat__DEST_MEM,0.0
cat__DEST_MFE,0.0
cat__DEST_MFR,0.0
cat__DEST_MGM,0.0
cat__DEST_MGW,0.0
cat__DEST_MHK,0.0
cat__DEST_MHT,0.0
cat__DEST_MKE,0.0
cat__DEST_MLB,0.0
cat__DEST_MLI,0.0
cat__DEST_MLU,0.0
cat__DEST_MOB,0.0
cat__DEST_MOT,0.0
cat__DEST_MQT,0.0
cat__DEST_MRY,0.0
cat__DEST_MSN,0.0
cat__DEST_MSO,0.0
cat__DEST_MTJ,0.0
cat__DEST_MYR,0.0
cat__DEST_OAJ,0.0
cat__DEST_OAK,0.0
cat__DEST_OKC,0.0
cat__DEST_OMA,0.0
cat__DEST_OME,0.0
cat__DEST_ONT,0.0
cat__DEST_ORF,0.0
cat__DEST_ORH,0.0
cat__DEST_OTH,0.0
cat__DEST_OTZ,0.0
cat__DEST_PAE,0.0
cat__DEST_PBG,0.0
cat__DEST_PDX,0.0
cat__DEST_PGD,0.0
cat__DEST_PHL,0.0
cat__DEST_PIA,0.0
cat__DEST_PIB,0.0
cat__DEST_PIE,0.0
cat__DEST_PIH,0.0
cat__DEST_PIT,0.0
cat__DEST_PLN,0.0
cat__DEST_PNS,0.0
cat__DEST_PPG,0.0
cat__DEST_PQI,0.0
cat__DEST_PRC,0.0
cat__DEST_PSC,0.0
cat__DEST_PSE,0.0
cat__DEST_PSG,0.0
cat__DEST_PSM,0.0
cat__DEST_PSP,0.0
cat__DEST_PVD,0.0
cat__DEST_PVU,0.0
cat__DEST_PWM,0.0
cat__DEST_RAP,0.0
cat__DEST_RDD,0.0
cat__DEST_RDM,0.0
cat__DEST_RDU,0.0
cat__DEST_RFD,0.0
cat__DEST_RHI,0.0
cat__DEST_RIC,0.0
cat__DEST_RIW,0.0
cat__DEST_RKS,0.0
cat__DEST_RNO,0.0
cat__DEST_ROA,0.0
cat__DEST_ROC,0.0
cat__DEST_ROW,0.0
cat__DEST_RST,0.0
cat__DEST_SAF,0.0
cat__DEST_SAT,0.0
cat__DEST_SAV,0.0
cat__DEST_SBA,0.0
cat__DEST_SBN,0.0
cat__DEST_SBP,0.0
cat__DEST_SCC,0.0
cat__DEST_SCE,0.0
cat__DEST_SCK,0.0
cat__DEST_SDF,0.0
cat__DEST_SFB,0.0
cat__DEST_SGF,0.0
cat__DEST_SGU,0.0
cat__DEST_SHR,0.0
cat__DEST_SHV,0.0
cat__DEST_SIT,0.0
cat__DEST_SJC,0.0
cat__DEST_SJT,0.0
cat__DEST_SJU,0.0
cat__DEST_SLC,0.0
cat__DEST_SLN,0.0
cat__DEST_SMF,0.0
cat__DEST_SMX,0.0
cat__DEST_SNA,0.0
cat__DEST_SPI,0.0
cat__DEST_SPN,0.0
cat__DEST_SPS,0.0
cat__DEST_SRQ,0.0
cat__DEST_STC,0.0
cat__DEST_STS,0.0
cat__DEST_STT,0.0
cat__DEST_STX,0.0
cat__DEST_SUN,0.0
cat__DEST_SUX,0.0
cat__DEST_SWF,0.0
cat__DEST_SWO,0.0
cat__DEST_SYR,0.0
cat__DEST_TLH,0.0
cat__DEST_TOL,0.0
cat__DEST_TRI,0.0
cat__DEST_TTN,0.0
cat__DEST_TUL,0.0
cat__DEST_TUS,0.0
cat__DEST_TVC,0.0
cat__DEST_TWF,0.0
cat__DEST_TXK,0.0
cat__DEST_TYR,0.0
cat__DEST_TYS,0.0
cat__DEST_USA,0.0
cat__DEST_VCT,0.0
cat__DEST_VPS,0.0
cat__DEST_WRG,0.0
cat__DEST_XNA,0.0
cat__DEST_XWA,0.0
cat__DEST_YAK,0.0
cat__DEST_YUM,0.0
cat__DEP_TIME_BLK_0001-0559,0.0
cat__DEP_TIME_BLK_1300-1359,0.0
cat__DEP_TIME_BLK_1700-1759,0.0
cat__DEP_TIME_BLK_2100-2159,0.0
cat__DEP_TIME_BLK_2200-2259,0.0
cat__DEP_TIME_BLK_2300-2359,0.0
cat__ROUTE_ABE-BNA,0.0
cat__ROUTE_ABE-CLT,0.0
cat__ROUTE_ABE-FLL,0.0
cat__ROUTE_ABE-MCO,0.0
cat__ROUTE_ABE-MLB,0.0
cat__ROUTE_ABE-MYR,0.0
cat__ROUTE_ABE-PGD,0.0
cat__ROUTE_ABE-PIE,0.0
cat__ROUTE_ABE-SFB,0.0
cat__ROUTE_ABE-SRQ,0.0
cat__ROUTE_ABI-DFW,0.0
cat__ROUTE_ABQ-ATL,0.0
cat__ROUTE_ABQ-AUS,0.0
cat__ROUTE_ABQ-BUR,0.0
cat__ROUTE_ABQ-BWI,0.0
cat__ROUTE_ABQ-DAL,0.0
cat__ROUTE_ABQ-DEN,0.0
cat__ROUTE_ABQ-DFW,0.0
cat__ROUTE_ABQ-HOU,0.0
cat__ROUTE_ABQ-IAH,0.0
cat__ROUTE_ABQ-LAS,0.0
cat__ROUTE_ABQ-LAX,0.0
cat__ROUTE_ABQ-LGB,0.0
cat__ROUTE_ABQ-MCI,0.0
cat__ROUTE_ABQ-MCO,0.0
cat__ROUTE_ABQ-MDW,0.0
cat__ROUTE_ABQ-MSP,0.0
cat__ROUTE_ABQ-OAK,0.0
cat__ROUTE_ABQ-ORD,0.0
cat__ROUTE_ABQ-PHX,0.0
cat__ROUTE_ABQ-SAN,0.0
cat__ROUTE_ABQ-SEA,0.0
cat__ROUTE_ABQ-SFO,0.0
cat__ROUTE_ABQ-SLC,0.0
cat__ROUTE_ABR-MSP,0.0
cat__ROUTE_ABY-ATL,0.0
cat__ROUTE_ACT-DFW,0.0
cat__ROUTE_ACV-DEN,0.0
cat__ROUTE_ACV-LAX,0.0
cat__ROUTE_ACV-SFO,0.0
cat__ROUTE_ACY-FLL,0.0
cat__ROUTE_ACY-MCO,0.0
cat__ROUTE_ACY-PBI,0.0
cat__ROUTE_ACY-RSW,0.0
cat__ROUTE_ACY-TPA,0.0
cat__ROUTE_ADK-ANC,0.0
cat__ROUTE_ADQ-ANC,0.0
cat__ROUTE_AEX-DFW,0.0
cat__ROUTE_AGS-ATL,0.0
cat__ROUTE_AGS-CLT,0.0
cat__ROUTE_AGS-DCA,0.0
cat__ROUTE_AGS-DFW,0.0
cat__ROUTE_ALB-ATL,0.0
cat__ROUTE_ALB-BNA,0.0
cat__ROUTE_ALB-BWI,0.0
cat__ROUTE_ALB-CLT,0.0
cat__ROUTE_ALB-DCA,0.0
cat__ROUTE_ALB-DEN,0.0
cat__ROUTE_ALB-DFW,0.0
cat__ROUTE_ALB-DTW,0.0
cat__ROUTE_ALB-FLL,0.0
cat__ROUTE_ALB-LAS,0.0
cat__ROUTE_ALB-MCO,0.0
cat__ROUTE_ALB-MDW,0.0
cat__ROUTE_ALB-MIA,0.0
cat__ROUTE_ALB-MYR,0.0
cat__ROUTE_ALB-ORD,0.0
cat__ROUTE_ALB-PGD,0.0
cat__ROUTE_ALB-PIE,0.0
cat__ROUTE_ALB-RSW,0.0
cat__ROUTE_ALB-SFB,0.0
cat__ROUTE_ALB-TPA,0.0
cat__ROUTE_AMA-AUS,0.0
cat__ROUTE_AMA-DAL,0.0
cat__ROUTE_AMA-DEN,0.0
cat__ROUTE_AMA-DFW,0.0
cat__ROUTE_AMA-HOU,0.0
cat__ROUTE_AMA-LAS,0.0
cat__ROUTE_ANC-ADK,0.0
cat__ROUTE_ANC-ADQ,0.0
cat__ROUTE_ANC-BET,0.0
cat__ROUTE_ANC-BRW,0.0
cat__ROUTE_ANC-CDV,0.0
cat__ROUTE_ANC-DEN,0.0
cat__ROUTE_ANC-DFW,0.0
cat__ROUTE_ANC-FAI,0.0
cat__ROUTE_ANC-HNL,0.0
cat__ROUTE_ANC-JNU,0.0
cat__ROUTE_ANC-KOA,0.0
cat__ROUTE_ANC-LAS,0.0
cat__ROUTE_ANC-LAX,0.0
cat__ROUTE_ANC-MSP,0.0
cat__ROUTE_ANC-OGG,0.0
cat__ROUTE_ANC-OME,0.0
cat__ROUTE_ANC-ORD,0.0
cat__ROUTE_ANC-OTZ,0.0
cat__ROUTE_ANC-PDX,0.0
cat__ROUTE_ANC-PHX,0.0
cat__ROUTE_ANC-SCC,0.0
cat__ROUTE_ANC-SEA,0.0
cat__ROUTE_APN-DTW,0.0
cat__ROUTE_ASE-ATL,0.0
cat__ROUTE_ASE-AUS,0.0
cat__ROUTE_ASE-DEN,0.0
cat__ROUTE_ASE-DFW,0.0
cat__ROUTE_ASE-IAH,0.0
cat__ROUTE_ASE-LAX,0.0
cat__ROUTE_ASE-ORD,0.0
cat__ROUTE_ASE-PHX,0.0
cat__ROUTE_ASE-SFO,0.0
cat__ROUTE_ATL-ABQ,0.0
cat__ROUTE_ATL-ABY,0.0
cat__ROUTE_ATL-AGS,0.0
cat__ROUTE_ATL-ALB,0.0
cat__ROUTE_ATL-ASE,0.0
cat__ROUTE_ATL-ATW,0.0
cat__ROUTE_ATL-AUS,0.0
cat__ROUTE_ATL-AVL,0.0
cat__ROUTE_ATL-BDL,0.0
cat__ROUTE_ATL-BHM,0.0
cat__ROUTE_ATL-BNA,0.0
cat__ROUTE_ATL-BOI,0.0
cat__ROUTE_ATL-BOS,0.0
cat__ROUTE_ATL-BTR,0.0
cat__ROUTE_ATL-BTV,0.0
cat__ROUTE_ATL-BUF,0.0
cat__ROUTE_ATL-BUR,0.0
cat__ROUTE_ATL-BWI,0.0
cat__ROUTE_ATL-BZN,0.0
cat__ROUTE_ATL-CAE,0.0
cat__ROUTE_ATL-CHA,0.0
cat__ROUTE_ATL-CHS,0.0
cat__ROUTE_ATL-CID,0.0
cat__ROUTE_ATL-CLE,0.0
cat__ROUTE_ATL-CLT,0.0
cat__ROUTE_ATL-CMH,0.0
cat__ROUTE_ATL-COS,0.0
cat__ROUTE_ATL-CRW,0.0
cat__ROUTE_ATL-CVG,0.0
cat__ROUTE_ATL-DAB,0.0
cat__ROUTE_ATL-DAL,0.0
cat__ROUTE_ATL-DAY,0.0
cat__ROUTE_ATL-DCA,0.0
cat__ROUTE_ATL-DEN,0.0
cat__ROUTE_ATL-DFW,0.0
cat__ROUTE_ATL-DSM,0.0
cat__ROUTE_ATL-DTW,0.0
cat__ROUTE_ATL-ECP,0.0
cat__ROUTE_ATL-EGE,0.0
cat__ROUTE_ATL-ELP,0.0
cat__ROUTE_ATL-EVV,0.0
cat__ROUTE_ATL-EWR,0.0
cat__ROUTE_ATL-EYW,0.0
cat__ROUTE_ATL-FAT,0.0
cat__ROUTE_ATL-FAY,0.0
cat__ROUTE_ATL-FLL,0.0
cat__ROUTE_ATL-FSD,0.0
cat__ROUTE_ATL-FWA,0.0
cat__ROUTE_ATL-GEG,0.0
cat__ROUTE_ATL-GNV,0.0
cat__ROUTE_ATL-GPT,0.0
cat__ROUTE_ATL-GRB,0.0
cat__ROUTE_ATL-GRR,0.0
cat__ROUTE_ATL-GSO,0.0
cat__ROUTE_ATL-GSP,0.0
cat__ROUTE_ATL-HDN,0.0
cat__ROUTE_ATL-HNL,0.0
cat__ROUTE_ATL-HOU,0.0
cat__ROUTE_ATL-HPN,0.0
cat__ROUTE_ATL-HSV,0.0
cat__ROUTE_ATL-IAD,0.0
cat__ROUTE_ATL-IAH,0.0
cat__ROUTE_ATL-ICT,0.0
cat__ROUTE_ATL-ILM,0.0
cat__ROUTE_ATL-IND,0.0
cat__ROUTE_ATL-JAC,0.0
cat__ROUTE_ATL-JAN,0.0
cat__ROUTE_ATL-JAX,0.0
cat__ROUTE_ATL-JFK,0.0
cat__ROUTE_ATL-LAS,0.0
cat__ROUTE_ATL-LAX,0.0
cat__ROUTE_ATL-LEX,0.0
cat__ROUTE_ATL-LGA,0.0
cat__ROUTE_ATL-LIT,0.0
cat__ROUTE_ATL-MCI,0.0
cat__ROUTE_ATL-MCO,0.0
cat__ROUTE_ATL-MDT,0.0
cat__ROUTE_ATL-MDW,0.0
cat__ROUTE_ATL-MEM,0.0
cat__ROUTE_ATL-MGM,0.0
cat__ROUTE_ATL-MIA,0.0
cat__ROUTE_ATL-MKE,0.0
cat__ROUTE_ATL-MLB,0.0
cat__ROUTE_ATL-MOB,0.0
cat__ROUTE_ATL-MSN,0.0
cat__ROUTE_ATL-MSP,0.0
cat__ROUTE_ATL-MSY,0.0
cat__ROUTE_ATL-MTJ,0.0
cat__ROUTE_ATL-MYR,0.0
cat__ROUTE_ATL-OGG,0.0
cat__ROUTE_ATL-OKC,0.0
cat__ROUTE_ATL-OMA,0.0
cat__ROUTE_ATL-ONT,0.0
cat__ROUTE_ATL-ORD,0.0
cat__ROUTE_ATL-ORF,0.0
cat__ROUTE_ATL-PBI,0.0
cat__ROUTE_ATL-PDX,0.0
cat__ROUTE_ATL-PHL,0.0
cat__ROUTE_ATL-PHX,0.0
cat__ROUTE_ATL-PIT,0.0
cat__ROUTE_ATL-PNS,0.0
cat__ROUTE_ATL-PSP,0.0
cat__ROUTE_ATL-PVD,0.0
cat__ROUTE_ATL-PWM,0.0
cat__ROUTE_ATL-RDU,0.0
cat__ROUTE_ATL-RIC,0.0
cat__ROUTE_ATL-RNO,0.0
cat__ROUTE_ATL-ROA,0.0
cat__ROUTE_ATL-ROC,0.0
cat__ROUTE_ATL-RSW,0.0
cat__ROUTE_ATL-SAN,0.0
cat__ROUTE_ATL-SAT,0.0
cat__ROUTE_ATL-SAV,0.0
cat__ROUTE_ATL-SBA,0.0
cat__ROUTE_ATL-SBN,0.0
cat__ROUTE_ATL-SDF,0.0
cat__ROUTE_ATL-SEA,0.0
cat__ROUTE_ATL-SFO,0.0
cat__ROUTE_ATL-SHV,0.0
cat__ROUTE_ATL-SJC,0.0
cat__ROUTE_ATL-SJU,0.0
cat__ROUTE_ATL-SLC,0.0
cat__ROUTE_ATL-SMF,0.0
cat__ROUTE_ATL-SNA,0.0
cat__ROUTE_ATL-SRQ,0.0
cat__ROUTE_ATL-STL,0.0
cat__ROUTE_ATL-STT,0.0
cat__ROUTE_ATL-STX,0.0
cat__ROUTE_ATL-SYR,0.0
cat__ROUTE_ATL-TLH,0.0
cat__ROUTE_ATL-TPA,0.0
cat__ROUTE_ATL-TTN,0.0
cat__ROUTE_ATL-TUL,0.0
cat__ROUTE_ATL-TUS,0.0
cat__ROUTE_ATL-TYS,0.0
cat__ROUTE_ATL-VPS,0.0
cat__ROUTE_ATW-ATL,0.0
cat__ROUTE_ATW-AZA,0.0
cat__ROUTE_ATW-CLT,0.0
cat__ROUTE_ATW-DEN,0.0
cat__ROUTE_ATW-DFW,0.0
cat__ROUTE_ATW-DTW,0.0
cat__ROUTE_ATW-FLL,0.0
cat__ROUTE_ATW-LAS,0.0
cat__ROUTE_ATW-MSP,0.0
cat__ROUTE_ATW-ORD,0.0
cat__ROUTE_ATW-PGD,0.0
cat__ROUTE_ATW-PIE,0.0
cat__ROUTE_ATW-SFB,0.0
cat__ROUTE_ATW-SRQ,0.0
cat__ROUTE_AUS-ABQ,0.0
cat__ROUTE_AUS-AMA,0.0
cat__ROUTE_AUS-ASE,0.0
cat__ROUTE_AUS-ATL,0.0
cat__ROUTE_AUS-AVL,0.0
cat__ROUTE_AUS-BNA,0.0
cat__ROUTE_AUS-BOS,0.0
cat__ROUTE_AUS-BUR,0.0
cat__ROUTE_AUS-BWI,0.0
cat__ROUTE_AUS-CLE,0.0
cat__ROUTE_AUS-CLT,0.0
cat__ROUTE_AUS-CMH,0.0
cat__ROUTE_AUS-CVG,0.0
cat__ROUTE_AUS-DAL,0.0
cat__ROUTE_AUS-DCA,0.0
cat__ROUTE_AUS-DEN,0.0
cat__ROUTE_AUS-DFW,0.0
cat__ROUTE_AUS-DSM,0.0
cat__ROUTE_AUS-DTW,0.0
cat__ROUTE_AUS-ELP,0.0
cat__ROUTE_AUS-EWR,0.0
cat__ROUTE_AUS-FLL,0.0
cat__ROUTE_AUS-GRR,0.0
cat__ROUTE_AUS-HNL,0.0
cat__ROUTE_AUS-HOU,0.0
cat__ROUTE_AUS-HRL,0.0
cat__ROUTE_AUS-IAD,0.0
cat__ROUTE_AUS-IAH,0.0
cat__ROUTE_AUS-IND,0.0
cat__ROUTE_AUS-JFK,0.0
cat__ROUTE_AUS-LAS,0.0
cat__ROUTE_AUS-LAX,0.0
cat__ROUTE_AUS-LBB,0.0
cat__ROUTE_AUS-LGB,0.0
cat__ROUTE_AUS-MAF,0.0
cat__ROUTE_AUS-MCI,0.0
cat__ROUTE_AUS-MCO,0.0
cat__ROUTE_AUS-MDW,0.0
cat__ROUTE_AUS-MFE,0.0
cat__ROUTE_AUS-MIA,0.0
cat__ROUTE_AUS-MSP,0.0
cat__ROUTE_AUS-MSY,0.0
cat__ROUTE_AUS-OAK,0.0
cat__ROUTE_AUS-OKC,0.0
cat__ROUTE_AUS-OMA,0.0
cat__ROUTE_AUS-ONT,0.0
cat__ROUTE_AUS-ORD,0.0
cat__ROUTE_AUS-PDX,0.0
cat__ROUTE_AUS-PHL,0.0
cat__ROUTE_AUS-PHX,0.0
cat__ROUTE_AUS-PIT,0.0
cat__ROUTE_AUS-PVU,0.0
cat__ROUTE_AUS-RDU,0.0
cat__ROUTE_AUS-SAN,0.0
cat__ROUTE_AUS-SEA,0.0
cat__ROUTE_AUS-SFO,0.0
cat__ROUTE_AUS-SJC,0.0
cat__ROUTE_AUS-SJU,0.0
cat__ROUTE_AUS-SLC,0.0
cat__ROUTE_AUS-SMF,0.0
cat__ROUTE_AUS-SNA,0.0
cat__ROUTE_AUS-SRQ,0.0
cat__ROUTE_AUS-STL,0.0
cat__ROUTE_AUS-TPA,0.0
cat__ROUTE_AUS-TUL,0.0
cat__ROUTE_AUS-TYS,0.0
cat__ROUTE_AVL-ATL,0.0
cat__ROUTE_AVL-AUS,0.0
cat__ROUTE_AVL-BOS,0.0
cat__ROUTE_AVL-CLT,0.0
cat__ROUTE_AVL-DCA,0.0
cat__ROUTE_AVL-DFW,0.0
cat__ROUTE_AVL-EWR,0.0
cat__ROUTE_AVL-EYW,0.0
cat__ROUTE_AVL-FLL,0.0
cat__ROUTE_AVL-LAS,0.0
cat__ROUTE_AVL-LGA,0.0
cat__ROUTE_AVL-MCO,0.0
cat__ROUTE_AVL-ORD,0.0
cat__ROUTE_AVL-PBI,0.0
cat__ROUTE_AVL-PGD,0.0
cat__ROUTE_AVL-PHX,0.0
cat__ROUTE_AVL-PIE,0.0
cat__ROUTE_AVL-SFB,0.0
cat__ROUTE_AVL-SRQ,0.0
cat__ROUTE_AVP-CLT,0.0
cat__ROUTE_AVP-ORD,0.0
cat__ROUTE_AZA-ATW,0.0
cat__ROUTE_AZA-BIL,0.0
cat__ROUTE_AZA-BIS,0.0
cat__ROUTE_AZA-BLI,0.0
cat__ROUTE_AZA-BOI,0.0
cat__ROUTE_AZA-BZN,0.0
cat__ROUTE_AZA-CID,0.0
cat__ROUTE_AZA-CVG,0.0
cat__ROUTE_AZA-DSM,0.0
cat__ROUTE_AZA-EUG,0.0
cat__ROUTE_AZA-FAR,0.0
cat__ROUTE_AZA-FCA,0.0
cat__ROUTE_AZA-FNT,0.0
cat__ROUTE_AZA-FSD,0.0
cat__ROUTE_AZA-FWA,0.0
cat__ROUTE_AZA-GEG,0.0
cat__ROUTE_AZA-GFK,0.0
cat__ROUTE_AZA-GRI,0.0
cat__ROUTE_AZA-GRR,0.0
cat__ROUTE_AZA-GTF,0.0
cat__ROUTE_AZA-ICT,0.0
cat__ROUTE_AZA-IDA,0.0
cat__ROUTE_AZA-LAS,0.0
cat__ROUTE_AZA-MLI,0.0
cat__ROUTE_AZA-MOT,0.0
cat__ROUTE_AZA-MSO,0.0
cat__ROUTE_AZA-MSP,0.0
cat__ROUTE_AZA-OMA,0.0
cat__ROUTE_AZA-PIA,0.0
cat__ROUTE_AZA-PSC,0.0
cat__ROUTE_AZA-PVU,0.0
cat__ROUTE_AZA-RAP,0.0
cat__ROUTE_AZA-RFD,0.0
cat__ROUTE_AZA-SBN,0.0
cat__ROUTE_AZA-SGF,0.0
cat__ROUTE_AZA-STC,0.0
cat__ROUTE_AZA-XNA,0.0
cat__ROUTE_AZO-DTW,0.0
cat__ROUTE_BDL-ATL,0.0
cat__ROUTE_BDL-BNA,0.0
cat__ROUTE_BDL-BWI,0.0
cat__ROUTE_BDL-CLT,0.0
cat__ROUTE_BDL-DCA,0.0
cat__ROUTE_BDL-DEN,0.0
cat__ROUTE_BDL-DFW,0.0
cat__ROUTE_BDL-DTW,0.0
cat__ROUTE_BDL-FLL,0.0
cat__ROUTE_BDL-IAD,0.0
cat__ROUTE_BDL-MCO,0.0
cat__ROUTE_BDL-MDW,0.0
cat__ROUTE_BDL-MIA,0.0
cat__ROUTE_BDL-MSP,0.0
cat__ROUTE_BDL-ORD,0.0
cat__ROUTE_BDL-PBI,0.0
cat__ROUTE_BDL-PHL,0.0
cat__ROUTE_BDL-RSW,0.0
cat__ROUTE_BDL-SJU,0.0
cat__ROUTE_BDL-TPA,0.0
cat__ROUTE_BET-ANC,0.0
cat__ROUTE_BFF-DEN,0.0
cat__ROUTE_BFL-DEN,0.0
cat__ROUTE_BFL-DFW,0.0
cat__ROUTE_BFL-PHX,0.0
cat__ROUTE_BFL-SFO,0.0
cat__ROUTE_BGR-DCA,0.0
cat__ROUTE_BGR-EWR,0.0
cat__ROUTE_BGR-PGD,0.0
cat__ROUTE_BGR-PIE,0.0
cat__ROUTE_BGR-SFB,0.0
cat__ROUTE_BHM-ATL,0.0
cat__ROUTE_BHM-BNA,0.0
cat__ROUTE_BHM-BWI,0.0
cat__ROUTE_BHM-CLT,0.0
cat__ROUTE_BHM-DAL,0.0
cat__ROUTE_BHM-DCA,0.0
cat__ROUTE_BHM-DEN,0.0
cat__ROUTE_BHM-DFW,0.0
cat__ROUTE_BHM-DTW,0.0
cat__ROUTE_BHM-FLL,0.0
cat__ROUTE_BHM-HOU,0.0
cat__ROUTE_BHM-LAS,0.0
cat__ROUTE_BHM-MCO,0.0
cat__ROUTE_BHM-MDW,0.0
cat__ROUTE_BHM-MIA,0.0
cat__ROUTE_BHM-ORD,0.0
cat__ROUTE_BHM-PHL,0.0
cat__ROUTE_BHM-PHX,0.0
cat__ROUTE_BHM-TPA,0.0
cat__ROUTE_BIH-DEN,0.0
cat__ROUTE_BIH-SFO,0.0
cat__ROUTE_BIL-AZA,0.0
cat__ROUTE_BIL-DEN,0.0
cat__ROUTE_BIL-DFW,0.0
cat__ROUTE_BIL-LAS,0.0
cat__ROUTE_BIL-MSP,0.0
cat__ROUTE_BIL-PHX,0.0
cat__ROUTE_BIL-SLC,0.0
cat__ROUTE_BIS-AZA,0.0
cat__ROUTE_BIS-DEN,0.0
cat__ROUTE_BIS-DFW,0.0
cat__ROUTE_BIS-LAS,0.0
cat__ROUTE_BIS-MSP,0.0
cat__ROUTE_BIS-PIE,0.0
cat__ROUTE_BIS-SFB,0.0
cat__ROUTE_BJI-MSP,0.0
cat__ROUTE_BLI-AZA,0.0
cat__ROUTE_BLI-LAS,0.0
cat__ROUTE_BLI-LAX,0.0
cat__ROUTE_BLI-OAK,0.0
cat__ROUTE_BLI-PSP,0.0
cat__ROUTE_BLI-SEA,0.0
cat__ROUTE_BLV-PGD,0.0
cat__ROUTE_BLV-PIE,0.0
cat__ROUTE_BLV-SFB,0.0
cat__ROUTE_BLV-SRQ,0.0
cat__ROUTE_BLV-TYS,0.0
cat__ROUTE_BLV-VPS,0.0
cat__ROUTE_BMI-DFW,0.0
cat__ROUTE_BMI-PIE,0.0
cat__ROUTE_BMI-SFB,0.0
cat__ROUTE_BNA-ABE,0.0
cat__ROUTE_BNA-ALB,0.0
cat__ROUTE_BNA-ATL,0.0
cat__ROUTE_BNA-ATW,0.0
cat__ROUTE_BNA-AUS,0.0
cat__ROUTE_BNA-BDL,0.0
cat__ROUTE_BNA-BHM,0.0
cat__ROUTE_BNA-BOS,0.0
cat__ROUTE_BNA-BUF,0.0
cat__ROUTE_BNA-BUR,0.0
cat__ROUTE_BNA-BWI,0.0
cat__ROUTE_BNA-CHS,0.0
cat__ROUTE_BNA-CLE,0.0
cat__ROUTE_BNA-CLT,0.0
cat__ROUTE_BNA-CMH,0.0
cat__ROUTE_BNA-CVG,0.0
cat__ROUTE_BNA-DAL,0.0
cat__ROUTE_BNA-DCA,0.0
cat__ROUTE_BNA-DEN,0.0
cat__ROUTE_BNA-DFW,0.0
cat__ROUTE_BNA-DSM,0.0
cat__ROUTE_BNA-DTW,0.0
cat__ROUTE_BNA-ECP,0.0
cat__ROUTE_BNA-EWR,0.0
cat__ROUTE_BNA-FAR,0.0
cat__ROUTE_BNA-FLL,0.0
cat__ROUTE_BNA-FNT,0.0
cat__ROUTE_BNA-FSD,0.0
cat__ROUTE_BNA-GRR,0.0
cat__ROUTE_BNA-GSP,0.0
cat__ROUTE_BNA-HOU,0.0
cat__ROUTE_BNA-IAD,0.0
cat__ROUTE_BNA-IAH,0.0
cat__ROUTE_BNA-JAX,0.0
cat__ROUTE_BNA-JFK,0.0
cat__ROUTE_BNA-LAS,0.0
cat__ROUTE_BNA-LAX,0.0
cat__ROUTE_BNA-LGA,0.0
cat__ROUTE_BNA-LGB,0.0
cat__ROUTE_BNA-MCI,0.0
cat__ROUTE_BNA-MCO,0.0
cat__ROUTE_BNA-MDT,0.0
cat__ROUTE_BNA-MDW,0.0
cat__ROUTE_BNA-MIA,0.0
cat__ROUTE_BNA-MKE,0.0
cat__ROUTE_BNA-MSP,0.0
cat__ROUTE_BNA-MSY,0.0
cat__ROUTE_BNA-MYR,0.0
cat__ROUTE_BNA-OAK,0.0
cat__ROUTE_BNA-OKC,0.0
cat__ROUTE_BNA-OMA,0.0
cat__ROUTE_BNA-ONT,0.0
cat__ROUTE_BNA-ORD,0.0
cat__ROUTE_BNA-ORF,0.0
cat__ROUTE_BNA-PDX,0.0
cat__ROUTE_BNA-PGD,0.0
cat__ROUTE_BNA-PHL,0.0
cat__ROUTE_BNA-PHX,0.0
cat__ROUTE_BNA-PIA,0.0
cat__ROUTE_BNA-PIE,0.0
cat__ROUTE_BNA-PIT,0.0
cat__ROUTE_BNA-PNS,0.0
cat__ROUTE_BNA-PVU,0.0
cat__ROUTE_BNA-RDU,0.0
cat__ROUTE_BNA-RIC,0.0
cat__ROUTE_BNA-RSW,0.0
cat__ROUTE_BNA-SAN,0.0
cat__ROUTE_BNA-SAT,0.0
cat__ROUTE_BNA-SAV,0.0
cat__ROUTE_BNA-SEA,0.0
cat__ROUTE_BNA-SFB,0.0
cat__ROUTE_BNA-SFO,0.0
cat__ROUTE_BNA-SJC,0.0
cat__ROUTE_BNA-SJU,0.0
cat__ROUTE_BNA-SLC,0.0
cat__ROUTE_BNA-SMF,0.0
cat__ROUTE_BNA-SRQ,0.0
cat__ROUTE_BNA-STL,0.0
cat__ROUTE_BNA-SYR,0.0
cat__ROUTE_BNA-TPA,0.0
cat__ROUTE_BNA-VPS,0.0
cat__ROUTE_BNA-XNA,0.0
cat__ROUTE_BOI-ATL,0.0
cat__ROUTE_BOI-AZA,0.0
cat__ROUTE_BOI-BUR,0.0
cat__ROUTE_BOI-DEN,0.0
cat__ROUTE_BOI-DFW,0.0
cat__ROUTE_BOI-GEG,0.0
cat__ROUTE_BOI-LAS,0.0
cat__ROUTE_BOI-LAX,0.0
cat__ROUTE_BOI-MCO,0.0
cat__ROUTE_BOI-MSP,0.0
cat__ROUTE_BOI-OAK,0.0
cat__ROUTE_BOI-ORD,0.0
cat__ROUTE_BOI-PDX,0.0
cat__ROUTE_BOI-PHX,0.0
cat__ROUTE_BOI-SAN,0.0
cat__ROUTE_BOI-SEA,0.0
cat__ROUTE_BOI-SFO,0.0
cat__ROUTE_BOI-SJC,0.0
cat__ROUTE_BOI-SLC,0.0
cat__ROUTE_BOI-SMF,0.0
cat__ROUTE_BOI-SNA,0.0
cat__ROUTE_BOS-ATL,0.0
cat__ROUTE_BOS-AUS,0.0
cat__ROUTE_BOS-AVL,0.0
cat__ROUTE_BOS-BNA,0.0
cat__ROUTE_BOS-BUF,0.0
cat__ROUTE_BOS-BWI,0.0
cat__ROUTE_BOS-BZN,0.0
cat__ROUTE_BOS-CHS,0.0
cat__ROUTE_BOS-CLE,0.0
cat__ROUTE_BOS-CLT,0.0
cat__ROUTE_BOS-CMH,0.0
cat__ROUTE_BOS-CVG,0.0
cat__ROUTE_BOS-DCA,0.0
cat__ROUTE_BOS-DEN,0.0
cat__ROUTE_BOS-DFW,0.0
cat__ROUTE_BOS-DTW,0.0
cat__ROUTE_BOS-EWR,0.0
cat__ROUTE_BOS-EYW,0.0
cat__ROUTE_BOS-FLL,0.0
cat__ROUTE_BOS-GRR,0.0
cat__ROUTE_BOS-HDN,0.0
cat__ROUTE_BOS-HNL,0.0
cat__ROUTE_BOS-IAD,0.0
cat__ROUTE_BOS-IAH,0.0
cat__ROUTE_BOS-IND,0.0
cat__ROUTE_BOS-JAX,0.0
cat__ROUTE_BOS-JFK,0.0
cat__ROUTE_BOS-LAS,0.0
cat__ROUTE_BOS-LAX,0.0
cat__ROUTE_BOS-LGA,0.0
cat__ROUTE_BOS-MCI,0.0
cat__ROUTE_BOS-MCO,0.0
cat__ROUTE_BOS-MDW,0.0
cat__ROUTE_BOS-MEM,0.0
cat__ROUTE_BOS-MIA,0.0
cat__ROUTE_BOS-MKE,0.0
cat__ROUTE_BOS-MSP,0.0
cat__ROUTE_BOS-MSY,0.0
cat__ROUTE_BOS-MYR,0.0
cat__ROUTE_BOS-ORD,0.0
cat__ROUTE_BOS-PBI,0.0
cat__ROUTE_BOS-PDX,0.0
cat__ROUTE_BOS-PHL,0.0
cat__ROUTE_BOS-PHX,0.0
cat__ROUTE_BOS-PIT,0.0
cat__ROUTE_BOS-PQI,0.0
cat__ROUTE_BOS-RDU,0.0
cat__ROUTE_BOS-RIC,0.0
cat__ROUTE_BOS-RSW,0.0
cat__ROUTE_BOS-SAN,0.0
cat__ROUTE_BOS-SAT,0.0
cat__ROUTE_BOS-SAV,0.0
cat__ROUTE_BOS-SDF,0.0
cat__ROUTE_BOS-SEA,0.0
cat__ROUTE_BOS-SFO,0.0
cat__ROUTE_BOS-SJU,0.0
cat__ROUTE_BOS-SLC,0.0
cat__ROUTE_BOS-SRQ,0.0
cat__ROUTE_BOS-STL,0.0
cat__ROUTE_BOS-STT,0.0
cat__ROUTE_BOS-SYR,0.0
cat__ROUTE_BOS-TPA,0.0
cat__ROUTE_BOS-TYS,0.0
cat__ROUTE_BPT-DFW,0.0
cat__ROUTE_BQN-EWR,0.0
cat__ROUTE_BQN-FLL,0.0
cat__ROUTE_BQN-JFK,0.0
cat__ROUTE_BQN-MCO,0.0
cat__ROUTE_BRD-MSP,0.0
cat__ROUTE_BRO-DFW,0.0
cat__ROUTE_BRW-ANC,0.0
cat__ROUTE_BTM-DEN,0.0
cat__ROUTE_BTM-SLC,0.0
cat__ROUTE_BTR-ATL,0.0
cat__ROUTE_BTR-CLT,0.0
cat__ROUTE_BTR-DCA,0.0
cat__ROUTE_BTR-DFW,0.0
cat__ROUTE_BTR-IAH,0.0
cat__ROUTE_BTV-ATL,0.0
cat__ROUTE_BTV-CLT,0.0
cat__ROUTE_BTV-DCA,0.0
cat__ROUTE_BTV-DTW,0.0
cat__ROUTE_BTV-EWR,0.0
cat__ROUTE_BTV-IAD,0.0
cat__ROUTE_BTV-JFK,0.0
cat__ROUTE_BTV-LGA,0.0
cat__ROUTE_BTV-MCO,0.0
cat__ROUTE_BTV-ORD,0.0
cat__ROUTE_BTV-PHL,0.0
cat__ROUTE_BTV-TPA,0.0
cat__ROUTE_BUF-ATL,0.0
cat__ROUTE_BUF-BNA,0.0
cat__ROUTE_BUF-BOS,0.0
cat__ROUTE_BUF-BWI,0.0
cat__ROUTE_BUF-CLT,0.0
cat__ROUTE_BUF-DCA,0.0
cat__ROUTE_BUF-DEN,0.0
cat__ROUTE_BUF-DFW,0.0
cat__ROUTE_BUF-DTW,0.0
cat__ROUTE_BUF-EWR,0.0
cat__ROUTE_BUF-FLL,0.0
cat__ROUTE_BUF-IAD,0.0
cat__ROUTE_BUF-JFK,0.0
cat__ROUTE_BUF-LAS,0.0
cat__ROUTE_BUF-LAX,0.0
cat__ROUTE_BUF-LGA,0.0
cat__ROUTE_BUF-MCO,0.0
cat__ROUTE_BUF-MDW,0.0
cat__ROUTE_BUF-MIA,0.0
cat__ROUTE_BUF-ORD,0.0
cat__ROUTE_BUF-PBI,0.0
cat__ROUTE_BUF-PHX,0.0
cat__ROUTE_BUF-RDU,0.0
cat__ROUTE_BUF-RSW,0.0
cat__ROUTE_BUF-SRQ,0.0
cat__ROUTE_BUF-TPA,0.0
cat__ROUTE_BUR-ABQ,0.0
cat__ROUTE_BUR-ATL,0.0
cat__ROUTE_BUR-AUS,0.0
cat__ROUTE_BUR-BNA,0.0
cat__ROUTE_BUR-BOI,0.0
cat__ROUTE_BUR-DAL,0.0
cat__ROUTE_BUR-DEN,0.0
cat__ROUTE_BUR-DFW,0.0
cat__ROUTE_BUR-EUG,0.0
cat__ROUTE_BUR-HOU,0.0
cat__ROUTE_BUR-LAS,0.0
cat__ROUTE_BUR-MCI,0.0
cat__ROUTE_BUR-MDW,0.0
cat__ROUTE_BUR-MSY,0.0
cat__ROUTE_BUR-OAK,0.0
cat__ROUTE_BUR-PDX,0.0
cat__ROUTE_BUR-PHX,0.0
cat__ROUTE_BUR-RNO,0.0
cat__ROUTE_BUR-SAT,0.0
cat__ROUTE_BUR-SEA,0.0
cat__ROUTE_BUR-SFO,0.0
cat__ROUTE_BUR-SJC,0.0
cat__ROUTE_BUR-SLC,0.0
cat__ROUTE_BUR-SMF,0.0
cat__ROUTE_BUR-STL,0.0
cat__ROUTE_BUR-STS,0.0
cat__ROUTE_BWI-ABQ,0.0
cat__ROUTE_BWI-ALB,0.0
cat__ROUTE_BWI-ATL,0.0
cat__ROUTE_BWI-AUS,0.0
cat__ROUTE_BWI-BDL,0.0
cat__ROUTE_BWI-BHM,0.0
cat__ROUTE_BWI-BNA,0.0
cat__ROUTE_BWI-BOS,0.0
cat__ROUTE_BWI-BUF,0.0
cat__ROUTE_BWI-CHS,0.0
cat__ROUTE_BWI-CLE,0.0
cat__ROUTE_BWI-CLT,0.0
cat__ROUTE_BWI-CMH,0.0
cat__ROUTE_BWI-COS,0.0
cat__ROUTE_BWI-CVG,0.0
cat__ROUTE_BWI-DAL,0.0
cat__ROUTE_BWI-DEN,0.0
cat__ROUTE_BWI-DFW,0.0
cat__ROUTE_BWI-DTW,0.0
cat__ROUTE_BWI-FLL,0.0
cat__ROUTE_BWI-GRR,0.0
cat__ROUTE_BWI-GSP,0.0
cat__ROUTE_BWI-HOU,0.0
cat__ROUTE_BWI-IAH,0.0
cat__ROUTE_BWI-IND,0.0
cat__ROUTE_BWI-ISP,0.0
cat__ROUTE_BWI-JAN,0.0
cat__ROUTE_BWI-JAX,0.0
cat__ROUTE_BWI-LAS,0.0
cat__ROUTE_BWI-LAX,0.0
cat__ROUTE_BWI-MCI,0.0
cat__ROUTE_BWI-MCO,0.0
cat__ROUTE_BWI-MDW,0.0
cat__ROUTE_BWI-MEM,0.0
cat__ROUTE_BWI-MHT,0.0
cat__ROUTE_BWI-MIA,0.0
cat__ROUTE_BWI-MKE,0.0
cat__ROUTE_BWI-MSP,0.0
cat__ROUTE_BWI-MSY,0.0
cat__ROUTE_BWI-MYR,0.0
cat__ROUTE_BWI-OAK,0.0
cat__ROUTE_BWI-ORD,0.0
cat__ROUTE_BWI-ORF,0.0
cat__ROUTE_BWI-PBI,0.0
cat__ROUTE_BWI-PHX,0.0
cat__ROUTE_BWI-PIT,0.0
cat__ROUTE_BWI-PVD,0.0
cat__ROUTE_BWI-PWM,0.0
cat__ROUTE_BWI-RDU,0.0
cat__ROUTE_BWI-RIC,0.0
cat__ROUTE_BWI-ROC,0.0
cat__ROUTE_BWI-RSW,0.0
cat__ROUTE_BWI-SAN,0.0
cat__ROUTE_BWI-SAT,0.0
cat__ROUTE_BWI-SAV,0.0
cat__ROUTE_BWI-SDF,0.0
cat__ROUTE_BWI-SEA,0.0
cat__ROUTE_BWI-SFO,0.0
cat__ROUTE_BWI-SJU,0.0
cat__ROUTE_BWI-SLC,0.0
cat__ROUTE_BWI-SRQ,0.0
cat__ROUTE_BWI-STL,0.0
cat__ROUTE_BWI-TPA,0.0
cat__ROUTE_BZN-ATL,0.0
cat__ROUTE_BZN-AZA,0.0
cat__ROUTE_BZN-BOS,0.0
cat__ROUTE_BZN-DEN,0.0
cat__ROUTE_BZN-DFW,0.0
cat__ROUTE_BZN-EWR,0.0
cat__ROUTE_BZN-IAD,0.0
cat__ROUTE_BZN-IAH,0.0
cat__ROUTE_BZN-JFK,0.0
cat__ROUTE_BZN-LAS,0.0
cat__ROUTE_BZN-LAX,0.0
cat__ROUTE_BZN-MSP,0.0
cat__ROUTE_BZN-ORD,0.0
cat__ROUTE_BZN-SAN,0.0
cat__ROUTE_BZN-SEA,0.0
cat__ROUTE_BZN-SFO,0.0
cat__ROUTE_BZN-SLC,0.0
cat__ROUTE_CAE-ATL,0.0
cat__ROUTE_CAE-CLT,0.0
cat__ROUTE_CAE-DCA,0.0
cat__ROUTE_CAE-DFW,0.0
cat__ROUTE_CAE-LGA,0.0
cat__ROUTE_CAE-ORD,0.0
cat__ROUTE_CAK-CLT,0.0
cat__ROUTE_CAK-DCA,0.0
cat__ROUTE_CAK-FLL,0.0
cat__ROUTE_CAK-ORD,0.0
cat__ROUTE_CAK-PGD,0.0
cat__ROUTE_CAK-PIE,0.0
cat__ROUTE_CAK-SAV,0.0
cat__ROUTE_CAK-SFB,0.0
cat__ROUTE_CAK-SRQ,0.0
cat__ROUTE_CDC-SLC,0.0
cat__ROUTE_CDV-ANC,0.0
cat__ROUTE_CDV-YAK,0.0
cat__ROUTE_CHA-ATL,0.0
cat__ROUTE_CHA-CLT,0.0
cat__ROUTE_CHA-DCA,0.0
cat__ROUTE_CHA-DFW,0.0
cat__ROUTE_CHA-LAS,0.0
cat__ROUTE_CHA-ORD,0.0
cat__ROUTE_CHA-PIE,0.0
cat__ROUTE_CHA-SFB,0.0
cat__ROUTE_CHO-LGA,0.0
cat__ROUTE_CHO-ORD,0.0
cat__ROUTE_CHS-ATL,0.0
cat__ROUTE_CHS-BNA,0.0
cat__ROUTE_CHS-BOS,0.0
cat__ROUTE_CHS-BWI,0.0
cat__ROUTE_CHS-CLT,0.0
cat__ROUTE_CHS-CVG,0.0
cat__ROUTE_CHS-DAL,0.0
cat__ROUTE_CHS-DCA,0.0
cat__ROUTE_CHS-DEN,0.0
cat__ROUTE_CHS-DFW,0.0
cat__ROUTE_CHS-DTW,0.0
cat__ROUTE_CHS-EWR,0.0
cat__ROUTE_CHS-FLL,0.0
cat__ROUTE_CHS-HOU,0.0
cat__ROUTE_CHS-IAD,0.0
cat__ROUTE_CHS-JFK,0.0
cat__ROUTE_CHS-LGA,0.0
cat__ROUTE_CHS-MDW,0.0
cat__ROUTE_CHS-MIA,0.0
cat__ROUTE_CHS-ORD,0.0
cat__ROUTE_CHS-PHL,0.0
cat__ROUTE_CHS-SEA,0.0
cat__ROUTE_CID-ATL,0.0
cat__ROUTE_CID-AZA,0.0
cat__ROUTE_CID-CLT,0.0
cat__ROUTE_CID-DCA,0.0
cat__ROUTE_CID-DEN,0.0
cat__ROUTE_CID-DFW,0.0
cat__ROUTE_CID-FLL,0.0
cat__ROUTE_CID-LAS,0.0
cat__ROUTE_CID-MIA,0.0
cat__ROUTE_CID-MSP,0.0
cat__ROUTE_CID-ORD,0.0
cat__ROUTE_CID-PGD,0.0
cat__ROUTE_CID-PHX,0.0
cat__ROUTE_CID-PIE,0.0
cat__ROUTE_CID-SFB,0.0
cat__ROUTE_CID-SRQ,0.0
cat__ROUTE_CIU-DTW,0.0
cat__ROUTE_CIU-MSP,0.0
cat__ROUTE_CKB-SFB,0.0
cat__ROUTE_CLE-ATL,0.0
cat__ROUTE_CLE-AUS,0.0
cat__ROUTE_CLE-BNA,0.0
cat__ROUTE_CLE-BOS,0.0
cat__ROUTE_CLE-BWI,0.0
cat__ROUTE_CLE-CLT,0.0
cat__ROUTE_CLE-DCA,0.0
cat__ROUTE_CLE-DEN,0.0
cat__ROUTE_CLE-DFW,0.0
cat__ROUTE_CLE-DTW,0.0
cat__ROUTE_CLE-EWR,0.0
cat__ROUTE_CLE-FLL,0.0
cat__ROUTE_CLE-IAD,0.0
cat__ROUTE_CLE-IAH,0.0
cat__ROUTE_CLE-JFK,0.0
cat__ROUTE_CLE-LAS,0.0
cat__ROUTE_CLE-LAX,0.0
cat__ROUTE_CLE-LGA,0.0
cat__ROUTE_CLE-MCO,0.0
cat__ROUTE_CLE-MDW,0.0
cat__ROUTE_CLE-MIA,0.0
cat__ROUTE_CLE-MSP,0.0
cat__ROUTE_CLE-ORD,0.0
cat__ROUTE_CLE-PBI,0.0
cat__ROUTE_CLE-PHL,0.0
cat__ROUTE_CLE-PHX,0.0
cat__ROUTE_CLE-PIT,0.0
cat__ROUTE_CLE-RDU,0.0
cat__ROUTE_CLE-RSW,0.0
cat__ROUTE_CLE-SEA,0.0
cat__ROUTE_CLE-SFO,0.0
cat__ROUTE_CLE-SJU,0.0
cat__ROUTE_CLE-SLC,0.0
cat__ROUTE_CLE-SRQ,0.0
cat__ROUTE_CLE-STL,0.0
cat__ROUTE_CLE-TPA,0.0
cat__ROUTE_CLL-DFW,0.0
cat__ROUTE_CLT-ABE,0.0
cat__ROUTE_CLT-AGS,0.0
cat__ROUTE_CLT-ALB,0.0
cat__ROUTE_CLT-ATL,0.0
cat__ROUTE_CLT-ATW,0.0
cat__ROUTE_CLT-AUS,0.0
cat__ROUTE_CLT-AVL,0.0
cat__ROUTE_CLT-AVP,0.0
cat__ROUTE_CLT-BDL,0.0
cat__ROUTE_CLT-BHM,0.0
cat__ROUTE_CLT-BNA,0.0
cat__ROUTE_CLT-BOS,0.0
cat__ROUTE_CLT-BTR,0.0
cat__ROUTE_CLT-BTV,0.0
cat__ROUTE_CLT-BUF,0.0
cat__ROUTE_CLT-BWI,0.0
cat__ROUTE_CLT-CAE,0.0
cat__ROUTE_CLT-CAK,0.0
cat__ROUTE_CLT-CHA,0.0
cat__ROUTE_CLT-CHS,0.0
cat__ROUTE_CLT-CID,0.0
cat__ROUTE_CLT-CLE,0.0
cat__ROUTE_CLT-CMH,0.0
cat__ROUTE_CLT-CRW,0.0
cat__ROUTE_CLT-CVG,0.0
cat__ROUTE_CLT-DAB,0.0
cat__ROUTE_CLT-DAL,0.0
cat__ROUTE_CLT-DAY,0.0
cat__ROUTE_CLT-DCA,0.0
cat__ROUTE_CLT-DEN,0.0
cat__ROUTE_CLT-DFW,0.0
cat__ROUTE_CLT-DSM,0.0
cat__ROUTE_CLT-DTW,0.0
cat__ROUTE_CLT-ECP,0.0
cat__ROUTE_CLT-EWR,0.0
cat__ROUTE_CLT-EYW,0.0
cat__ROUTE_CLT-FAY,0.0
cat__ROUTE_CLT-FLL,0.0
cat__ROUTE_CLT-FWA,0.0
cat__ROUTE_CLT-GNV,0.0
cat__ROUTE_CLT-GPT,0.0
cat__ROUTE_CLT-GRR,0.0
cat__ROUTE_CLT-GSO,0.0
cat__ROUTE_CLT-GSP,0.0
cat__ROUTE_CLT-HHH,0.0
cat__ROUTE_CLT-HOU,0.0
cat__ROUTE_CLT-HPN,0.0
cat__ROUTE_CLT-HSV,0.0
cat__ROUTE_CLT-IAD,0.0
cat__ROUTE_CLT-IAH,0.0
cat__ROUTE_CLT-ILM,0.0
cat__ROUTE_CLT-IND,0.0
cat__ROUTE_CLT-JAN,0.0
cat__ROUTE_CLT-JAX,0.0
cat__ROUTE_CLT-JFK,0.0
cat__ROUTE_CLT-LAS,0.0
cat__ROUTE_CLT-LAX,0.0
cat__ROUTE_CLT-LEX,0.0
cat__ROUTE_CLT-LFT,0.0
cat__ROUTE_CLT-LGA,0.0
cat__ROUTE_CLT-LIT,0.0
cat__ROUTE_CLT-MCI,0.0
cat__ROUTE_CLT-MCO,0.0
cat__ROUTE_CLT-MDT,0.0
cat__ROUTE_CLT-MDW,0.0
cat__ROUTE_CLT-MEM,0.0
cat__ROUTE_CLT-MHT,0.0
cat__ROUTE_CLT-MIA,0.0
cat__ROUTE_CLT-MKE,0.0
cat__ROUTE_CLT-MLB,0.0
cat__ROUTE_CLT-MLI,0.0
cat__ROUTE_CLT-MSN,0.0
cat__ROUTE_CLT-MSP,0.0
cat__ROUTE_CLT-MSY,0.0
cat__ROUTE_CLT-MYR,0.0
cat__ROUTE_CLT-OAJ,0.0
cat__ROUTE_CLT-OKC,0.0
cat__ROUTE_CLT-OMA,0.0
cat__ROUTE_CLT-ONT,0.0
cat__ROUTE_CLT-ORD,0.0
cat__ROUTE_CLT-ORF,0.0
cat__ROUTE_CLT-PBI,0.0
cat__ROUTE_CLT-PDX,0.0
cat__ROUTE_CLT-PHL,0.0
cat__ROUTE_CLT-PHX,0.0
cat__ROUTE_CLT-PIA,0.0
cat__ROUTE_CLT-PIT,0.0
cat__ROUTE_CLT-PNS,0.0
cat__ROUTE_CLT-PVD,0.0
cat__ROUTE_CLT-PWM,0.0
cat__ROUTE_CLT-RDU,0.0
cat__ROUTE_CLT-RIC,0.0
cat__ROUTE_CLT-ROC,0.0
cat__ROUTE_CLT-RSW,0.0
cat__ROUTE_CLT-SAN,0.0
cat__ROUTE_CLT-SAT,0.0
cat__ROUTE_CLT-SAV,0.0
cat__ROUTE_CLT-SBN,0.0
cat__ROUTE_CLT-SDF,0.0
cat__ROUTE_CLT-SEA,0.0
cat__ROUTE_CLT-SFO,0.0
cat__ROUTE_CLT-SGF,0.0
cat__ROUTE_CLT-SHV,0.0
cat__ROUTE_CLT-SJU,0.0
cat__ROUTE_CLT-SLC,0.0
cat__ROUTE_CLT-SMF,0.0
cat__ROUTE_CLT-SNA,0.0
cat__ROUTE_CLT-SRQ,0.0
cat__ROUTE_CLT-STL,0.0
cat__ROUTE_CLT-STT,0.0
cat__ROUTE_CLT-STX,0.0
cat__ROUTE_CLT-SYR,0.0
cat__ROUTE_CLT-TLH,0.0
cat__ROUTE_CLT-TPA,0.0
cat__ROUTE_CLT-TUL,0.0
cat__ROUTE_CLT-TVC,0.0
cat__ROUTE_CLT-TYS,0.0
cat__ROUTE_CLT-VPS,0.0
cat__ROUTE_CLT-XNA,0.0
cat__ROUTE_CMH-ATL,0.0
cat__ROUTE_CMH-AUS,0.0
cat__ROUTE_CMH-BNA,0.0
cat__ROUTE_CMH-BOS,0.0
cat__ROUTE_CMH-BWI,0.0
cat__ROUTE_CMH-CLT,0.0
cat__ROUTE_CMH-DAL,0.0
cat__ROUTE_CMH-DCA,0.0
cat__ROUTE_CMH-DEN,0.0
cat__ROUTE_CMH-DFW,0.0
cat__ROUTE_CMH-DTW,0.0
cat__ROUTE_CMH-EWR,0.0
cat__ROUTE_CMH-FLL,0.0
cat__ROUTE_CMH-HOU,0.0
cat__ROUTE_CMH-IAD,0.0
cat__ROUTE_CMH-IAH,0.0
cat__ROUTE_CMH-JFK,0.0
cat__ROUTE_CMH-LAS,0.0
cat__ROUTE_CMH-LAX,0.0
cat__ROUTE_CMH-LGA,0.0
cat__ROUTE_CMH-MCO,0.0
cat__ROUTE_CMH-MDW,0.0
cat__ROUTE_CMH-MIA,0.0
cat__ROUTE_CMH-MSP,0.0
cat__ROUTE_CMH-ORD,0.0
cat__ROUTE_CMH-PHL,0.0
cat__ROUTE_CMH-PHX,0.0
cat__ROUTE_CMH-RSW,0.0
cat__ROUTE_CMH-SEA,0.0
cat__ROUTE_CMH-SLC,0.0
cat__ROUTE_CMH-SRQ,0.0
cat__ROUTE_CMH-STL,0.0
cat__ROUTE_CMH-TPA,0.0
cat__ROUTE_CMI-DFW,0.0
cat__ROUTE_CMI-ORD,0.0
cat__ROUTE_CMX-ORD,0.0
cat__ROUTE_COD-DEN,0.0
cat__ROUTE_COS-ATL,0.0
cat__ROUTE_COS-BWI,0.0
cat__ROUTE_COS-DAL,0.0
cat__ROUTE_COS-DEN,0.0
cat__ROUTE_COS-DFW,0.0
cat__ROUTE_COS-HOU,0.0
cat__ROUTE_COS-IAH,0.0
cat__ROUTE_COS-LAS,0.0
cat__ROUTE_COS-MDW,0.0
cat__ROUTE_COS-ORD,0.0
cat__ROUTE_COS-PHX,0.0
cat__ROUTE_COS-SAN,0.0
cat__ROUTE_COS-SAT,0.0
cat__ROUTE_COS-SLC,0.0
cat__ROUTE_COU-DFW,0.0
cat__ROUTE_COU-ORD,0.0
cat__ROUTE_CPR-DEN,0.0
cat__ROUTE_CRP-DFW,0.0
cat__ROUTE_CRP-HOU,0.0
cat__ROUTE_CRP-IAH,0.0
cat__ROUTE_CRW-ATL,0.0
cat__ROUTE_CRW-CLT,0.0
cat__ROUTE_CRW-DCA,0.0
cat__ROUTE_CRW-ORD,0.0
cat__ROUTE_CVG-ATL,0.0
cat__ROUTE_CVG-AUS,0.0
cat__ROUTE_CVG-AZA,0.0
cat__ROUTE_CVG-BNA,0.0
cat__ROUTE_CVG-BOS,0.0
cat__ROUTE_CVG-BWI,0.0
cat__ROUTE_CVG-CHS,0.0
cat__ROUTE_CVG-CLT,0.0
cat__ROUTE_CVG-DCA,0.0
cat__ROUTE_CVG-DEN,0.0
cat__ROUTE_CVG-DFW,0.0
cat__ROUTE_CVG-DTW,0.0
cat__ROUTE_CVG-EWR,0.0
cat__ROUTE_CVG-EYW,0.0
cat__ROUTE_CVG-FLL,0.0
cat__ROUTE_CVG-IAD,0.0
cat__ROUTE_CVG-IAH,0.0
cat__ROUTE_CVG-JAX,0.0
cat__ROUTE_CVG-JFK,0.0
cat__ROUTE_CVG-LAS,0.0
cat__ROUTE_CVG-LAX,0.0
cat__ROUTE_CVG-LGA,0.0
cat__ROUTE_CVG-MCO,0.0
cat__ROUTE_CVG-MDW,0.0
cat__ROUTE_CVG-MIA,0.0
cat__ROUTE_CVG-MLB,0.0
cat__ROUTE_CVG-MSP,0.0
cat__ROUTE_CVG-MSY,0.0
cat__ROUTE_CVG-ORD,0.0
cat__ROUTE_CVG-PBI,0.0
cat__ROUTE_CVG-PGD,0.0
cat__ROUTE_CVG-PHL,0.0
cat__ROUTE_CVG-PHX,0.0
cat__ROUTE_CVG-PIE,0.0
cat__ROUTE_CVG-RDU,0.0
cat__ROUTE_CVG-RSW,0.0
cat__ROUTE_CVG-SAV,0.0
cat__ROUTE_CVG-SEA,0.0
cat__ROUTE_CVG-SFB,0.0
cat__ROUTE_CVG-SLC,0.0
cat__ROUTE_CVG-SRQ,0.0
cat__ROUTE_CVG-TPA,0.0
cat__ROUTE_CVG-VPS,0.0
cat__ROUTE_CYS-DEN,0.0
cat__ROUTE_DAB-ATL,0.0
cat__ROUTE_DAB-CLT,0.0
cat__ROUTE_DAL-ABQ,0.0
cat__ROUTE_DAL-AMA,0.0
cat__ROUTE_DAL-ATL,0.0
cat__ROUTE_DAL-AUS,0.0
cat__ROUTE_DAL-BHM,0.0
cat__ROUTE_DAL-BNA,0.0
cat__ROUTE_DAL-BUR,0.0
cat__ROUTE_DAL-BWI,0.0
cat__ROUTE_DAL-CHS,0.0
cat__ROUTE_DAL-CLT,0.0
cat__ROUTE_DAL-CMH,0.0
cat__ROUTE_DAL-COS,0.0
cat__ROUTE_DAL-DCA,0.0
cat__ROUTE_DAL-DEN,0.0
cat__ROUTE_DAL-ECP,0.0
cat__ROUTE_DAL-ELP,0.0
cat__ROUTE_DAL-FLL,0.0
cat__ROUTE_DAL-HDN,0.0
cat__ROUTE_DAL-HOU,0.0
cat__ROUTE_DAL-HRL,0.0
cat__ROUTE_DAL-IND,0.0
cat__ROUTE_DAL-JAX,0.0
cat__ROUTE_DAL-LAS,0.0
cat__ROUTE_DAL-LAX,0.0
cat__ROUTE_DAL-LBB,0.0
cat__ROUTE_DAL-LGA,0.0
cat__ROUTE_DAL-LGB,0.0
cat__ROUTE_DAL-LIT,0.0
cat__ROUTE_DAL-MAF,0.0
cat__ROUTE_DAL-MCI,0.0
cat__ROUTE_DAL-MCO,0.0
cat__ROUTE_DAL-MDW,0.0
cat__ROUTE_DAL-MEM,0.0
cat__ROUTE_DAL-MIA,0.0
cat__ROUTE_DAL-MKE,0.0
cat__ROUTE_DAL-MSP,0.0
cat__ROUTE_DAL-MSY,0.0
cat__ROUTE_DAL-MTJ,0.0
cat__ROUTE_DAL-OAK,0.0
cat__ROUTE_DAL-OMA,0.0
cat__ROUTE_DAL-ONT,0.0
cat__ROUTE_DAL-ORD,0.0
cat__ROUTE_DAL-ORF,0.0
cat__ROUTE_DAL-PDX,0.0
cat__ROUTE_DAL-PHL,0.0
cat__ROUTE_DAL-PHX,0.0
cat__ROUTE_DAL-PIT,0.0
cat__ROUTE_DAL-PNS,0.0
cat__ROUTE_DAL-RDU,0.0
cat__ROUTE_DAL-RNO,0.0
cat__ROUTE_DAL-RSW,0.0
cat__ROUTE_DAL-SAN,0.0
cat__ROUTE_DAL-SAT,0.0
cat__ROUTE_DAL-SAV,0.0
cat__ROUTE_DAL-SDF,0.0
cat__ROUTE_DAL-SEA,0.0
cat__ROUTE_DAL-SJC,0.0
cat__ROUTE_DAL-SLC,0.0
cat__ROUTE_DAL-SMF,0.0
cat__ROUTE_DAL-SNA,0.0
cat__ROUTE_DAL-SRQ,0.0
cat__ROUTE_DAL-STL,0.0
cat__ROUTE_DAL-TPA,0.0
cat__ROUTE_DAL-TUL,0.0
cat__ROUTE_DAL-TUS,0.0
cat__ROUTE_DAL-VPS,0.0
cat__ROUTE_DAY-ATL,0.0
cat__ROUTE_DAY-CLT,0.0
cat__ROUTE_DAY-DCA,0.0
cat__ROUTE_DAY-DEN,0.0
cat__ROUTE_DAY-DFW,0.0
cat__ROUTE_DAY-LGA,0.0
cat__ROUTE_DAY-ORD,0.0
cat__ROUTE_DAY-PGD,0.0
cat__ROUTE_DAY-PIE,0.0
cat__ROUTE_DAY-SFB,0.0
cat__ROUTE_DCA-AGS,0.0
cat__ROUTE_DCA-ALB,0.0
cat__ROUTE_DCA-ATL,0.0
cat__ROUTE_DCA-AUS,0.0
cat__ROUTE_DCA-AVL,0.0
cat__ROUTE_DCA-BDL,0.0
cat__ROUTE_DCA-BGR,0.0
cat__ROUTE_DCA-BHM,0.0
cat__ROUTE_DCA-BNA,0.0
cat__ROUTE_DCA-BOS,0.0
cat__ROUTE_DCA-BTR,0.0
cat__ROUTE_DCA-BTV,0.0
cat__ROUTE_DCA-BUF,0.0
cat__ROUTE_DCA-CAE,0.0
cat__ROUTE_DCA-CAK,0.0
cat__ROUTE_DCA-CHA,0.0
cat__ROUTE_DCA-CHS,0.0
cat__ROUTE_DCA-CID,0.0
cat__ROUTE_DCA-CLE,0.0
cat__ROUTE_DCA-CLT,0.0
cat__ROUTE_DCA-CMH,0.0
cat__ROUTE_DCA-CRW,0.0
cat__ROUTE_DCA-CVG,0.0
cat__ROUTE_DCA-DAL,0.0
cat__ROUTE_DCA-DAY,0.0
cat__ROUTE_DCA-DEN,0.0
cat__ROUTE_DCA-DFW,0.0
cat__ROUTE_DCA-DSM,0.0
cat__ROUTE_DCA-DTW,0.0
cat__ROUTE_DCA-EWR,0.0
cat__ROUTE_DCA-EYW,0.0
cat__ROUTE_DCA-FLL,0.0
cat__ROUTE_DCA-GRR,0.0
cat__ROUTE_DCA-GSO,0.0
cat__ROUTE_DCA-GSP,0.0
cat__ROUTE_DCA-HOU,0.0
cat__ROUTE_DCA-HPN,0.0
cat__ROUTE_DCA-HSV,0.0
cat__ROUTE_DCA-IAH,0.0
cat__ROUTE_DCA-ICT,0.0
cat__ROUTE_DCA-ILM,0.0
cat__ROUTE_DCA-IND,0.0
cat__ROUTE_DCA-JAN,0.0
cat__ROUTE_DCA-JAX,0.0
cat__ROUTE_DCA-JFK,0.0
cat__ROUTE_DCA-LAN,0.0
cat__ROUTE_DCA-LAS,0.0
cat__ROUTE_DCA-LAX,0.0
cat__ROUTE_DCA-LEX,0.0
cat__ROUTE_DCA-LGA,0.0
cat__ROUTE_DCA-LIT,0.0
cat__ROUTE_DCA-MCI,0.0
cat__ROUTE_DCA-MCO,0.0
cat__ROUTE_DCA-MDW,0.0
cat__ROUTE_DCA-MEM,0.0
cat__ROUTE_DCA-MGM,0.0
cat__ROUTE_DCA-MHT,0.0
cat__ROUTE_DCA-MIA,0.0
cat__ROUTE_DCA-MKE,0.0
cat__ROUTE_DCA-MSN,0.0
cat__ROUTE_DCA-MSP,0.0
cat__ROUTE_DCA-MSY,0.0
cat__ROUTE_DCA-MYR,0.0
cat__ROUTE_DCA-OKC,0.0
cat__ROUTE_DCA-OMA,0.0
cat__ROUTE_DCA-ORD,0.0
cat__ROUTE_DCA-ORF,0.0
cat__ROUTE_DCA-PBI,0.0
cat__ROUTE_DCA-PDX,0.0
cat__ROUTE_DCA-PHL,0.0
cat__ROUTE_DCA-PHX,0.0
cat__ROUTE_DCA-PIT,0.0
cat__ROUTE_DCA-PNS,0.0
cat__ROUTE_DCA-PVD,0.0
cat__ROUTE_DCA-PWM,0.0
cat__ROUTE_DCA-RDU,0.0
cat__ROUTE_DCA-ROC,0.0
cat__ROUTE_DCA-RSW,0.0
cat__ROUTE_DCA-SAV,0.0
cat__ROUTE_DCA-SDF,0.0
cat__ROUTE_DCA-SEA,0.0
cat__ROUTE_DCA-SFO,0.0
cat__ROUTE_DCA-SJU,0.0
cat__ROUTE_DCA-SLC,0.0
cat__ROUTE_DCA-SRQ,0.0
cat__ROUTE_DCA-STL,0.0
cat__ROUTE_DCA-SYR,0.0
cat__ROUTE_DCA-TLH,0.0
cat__ROUTE_DCA-TPA,0.0
cat__ROUTE_DCA-TUL,0.0
cat__ROUTE_DCA-TYS,0.0
cat__ROUTE_DCA-VPS,0.0
cat__ROUTE_DCA-XNA,0.0
cat__ROUTE_DDC-DEN,0.0
cat__ROUTE_DEC-ORD,0.0
cat__ROUTE_DEN-ABQ,0.0
cat__ROUTE_DEN-ACV,0.0
cat__ROUTE_DEN-ALB,0.0
cat__ROUTE_DEN-AMA,0.0
cat__ROUTE_DEN-ANC,0.0
cat__ROUTE_DEN-ASE,0.0
cat__ROUTE_DEN-ATL,0.0
cat__ROUTE_DEN-ATW,0.0
cat__ROUTE_DEN-AUS,0.0
cat__ROUTE_DEN-BDL,0.0
cat__ROUTE_DEN-BFF,0.0
cat__ROUTE_DEN-BFL,0.0
cat__ROUTE_DEN-BHM,0.0
cat__ROUTE_DEN-BIH,0.0
cat__ROUTE_DEN-BIL,0.0
cat__ROUTE_DEN-BIS,0.0
cat__ROUTE_DEN-BNA,0.0
cat__ROUTE_DEN-BOI,0.0
cat__ROUTE_DEN-BOS,0.0
cat__ROUTE_DEN-BTM,0.0
cat__ROUTE_DEN-BUF,0.0
cat__ROUTE_DEN-BUR,0.0
cat__ROUTE_DEN-BWI,0.0
cat__ROUTE_DEN-BZN,0.0
cat__ROUTE_DEN-CHS,0.0
cat__ROUTE_DEN-CID,0.0
cat__ROUTE_DEN-CLE,0.0
cat__ROUTE_DEN-CLT,0.0
cat__ROUTE_DEN-CMH,0.0
cat__ROUTE_DEN-COD,0.0
cat__ROUTE_DEN-COS,0.0
cat__ROUTE_DEN-CPR,0.0
cat__ROUTE_DEN-CVG,0.0
cat__ROUTE_DEN-CYS,0.0
cat__ROUTE_DEN-DAL,0.0
cat__ROUTE_DEN-DAY,0.0
cat__ROUTE_DEN-DCA,0.0
cat__ROUTE_DEN-DDC,0.0
cat__ROUTE_DEN-DFW,0.0
cat__ROUTE_DEN-DIK,0.0
cat__ROUTE_DEN-DRO,0.0
cat__ROUTE_DEN-DSM,0.0
cat__ROUTE_DEN-DTW,0.0
cat__ROUTE_DEN-DVL,0.0
cat__ROUTE_DEN-EAR,0.0
cat__ROUTE_DEN-EGE,0.0
cat__ROUTE_DEN-ELP,0.0
cat__ROUTE_DEN-EUG,0.0
cat__ROUTE_DEN-EWR,0.0
cat__ROUTE_DEN-FAR,0.0
cat__ROUTE_DEN-FAT,0.0
cat__ROUTE_DEN-FCA,0.0
cat__ROUTE_DEN-FLL,0.0
cat__ROUTE_DEN-FSD,0.0
cat__ROUTE_DEN-GCC,0.0
cat__ROUTE_DEN-GEG,0.0
cat__ROUTE_DEN-GJT,0.0
cat__ROUTE_DEN-GRR,0.0
cat__ROUTE_DEN-GSO,0.0
cat__ROUTE_DEN-GSP,0.0
cat__ROUTE_DEN-GTF,0.0
cat__ROUTE_DEN-GUC,0.0
cat__ROUTE_DEN-HDN,0.0
cat__ROUTE_DEN-HLN,0.0
cat__ROUTE_DEN-HNL,0.0
cat__ROUTE_DEN-HOB,0.0
cat__ROUTE_DEN-HOU,0.0
cat__ROUTE_DEN-HSV,0.0
cat__ROUTE_DEN-HYS,0.0
cat__ROUTE_DEN-IAD,0.0
cat__ROUTE_DEN-IAH,0.0
cat__ROUTE_DEN-ICT,0.0
cat__ROUTE_DEN-IDA,0.0
cat__ROUTE_DEN-IND,0.0
cat__ROUTE_DEN-JAC,0.0
cat__ROUTE_DEN-JAX,0.0
cat__ROUTE_DEN-JFK,0.0
cat__ROUTE_DEN-JLN,0.0
cat__ROUTE_DEN-JMS,0.0
cat__ROUTE_DEN-KOA,0.0
cat__ROUTE_DEN-LAR,0.0
cat__ROUTE_DEN-LAS,0.0
cat__ROUTE_DEN-LAX,0.0
cat__ROUTE_DEN-LBB,0.0
cat__ROUTE_DEN-LBF,0.0
cat__ROUTE_DEN-LBL,0.0
cat__ROUTE_DEN-LEX,0.0
cat__ROUTE_DEN-LGA,0.0
cat__ROUTE_DEN-LGB,0.0
cat__ROUTE_DEN-LIH,0.0
cat__ROUTE_DEN-LIT,0.0
cat__ROUTE_DEN-LNK,0.0
cat__ROUTE_DEN-LWS,0.0
cat__ROUTE_DEN-MAF,0.0
cat__ROUTE_DEN-MCI,0.0
cat__ROUTE_DEN-MCO,0.0
cat__ROUTE_DEN-MDW,0.0
cat__ROUTE_DEN-MEM,0.0
cat__ROUTE_DEN-MFR,0.0
cat__ROUTE_DEN-MIA,0.0
cat__ROUTE_DEN-MKE,0.0
cat__ROUTE_DEN-MLI,0.0
cat__ROUTE_DEN-MOT,0.0
cat__ROUTE_DEN-MRY,0.0
cat__ROUTE_DEN-MSN,0.0
cat__ROUTE_DEN-MSO,0.0
cat__ROUTE_DEN-MSP,0.0
cat__ROUTE_DEN-MSY,0.0
cat__ROUTE_DEN-MTJ,0.0
cat__ROUTE_DEN-OAK,0.0
cat__ROUTE_DEN-OGG,0.0
cat__ROUTE_DEN-OKC,0.0
cat__ROUTE_DEN-OMA,0.0
cat__ROUTE_DEN-ONT,0.0
cat__ROUTE_DEN-ORD,0.0
cat__ROUTE_DEN-ORF,0.0
cat__ROUTE_DEN-PBI,0.0
cat__ROUTE_DEN-PDX,0.0
cat__ROUTE_DEN-PHL,0.0
cat__ROUTE_DEN-PHX,0.0
cat__ROUTE_DEN-PIA,0.0
cat__ROUTE_DEN-PIT,0.0
cat__ROUTE_DEN-PNS,0.0
cat__ROUTE_DEN-PRC,0.0
cat__ROUTE_DEN-PSC,0.0
cat__ROUTE_DEN-PSP,0.0
cat__ROUTE_DEN-PVD,0.0
cat__ROUTE_DEN-RAP,0.0
cat__ROUTE_DEN-RDM,0.0
cat__ROUTE_DEN-RDU,0.0
cat__ROUTE_DEN-RIC,0.0
cat__ROUTE_DEN-RIW,0.0
cat__ROUTE_DEN-RKS,0.0
cat__ROUTE_DEN-RNO,0.0
cat__ROUTE_DEN-RSW,0.0
cat__ROUTE_DEN-SAF,0.0
cat__ROUTE_DEN-SAN,0.0
cat__ROUTE_DEN-SAT,0.0
cat__ROUTE_DEN-SAV,0.0
cat__ROUTE_DEN-SBA,0.0
cat__ROUTE_DEN-SBP,0.0
cat__ROUTE_DEN-SDF,0.0
cat__ROUTE_DEN-SEA,0.0
cat__ROUTE_DEN-SFO,0.0
cat__ROUTE_DEN-SGF,0.0
cat__ROUTE_DEN-SGU,0.0
cat__ROUTE_DEN-SHR,0.0
cat__ROUTE_DEN-SHV,0.0
cat__ROUTE_DEN-SJC,0.0
cat__ROUTE_DEN-SJU,0.0
cat__ROUTE_DEN-SLC,0.0
cat__ROUTE_DEN-SLN,0.0
cat__ROUTE_DEN-SMF,0.0
cat__ROUTE_DEN-SNA,0.0
cat__ROUTE_DEN-SRQ,0.0
cat__ROUTE_DEN-STL,0.0
cat__ROUTE_DEN-SUN,0.0
cat__ROUTE_DEN-SUX,0.0
cat__ROUTE_DEN-SYR,0.0
cat__ROUTE_DEN-TPA,0.0
cat__ROUTE_DEN-TUL,0.0
cat__ROUTE_DEN-TUS,0.0
cat__ROUTE_DEN-TYS,0.0
cat__ROUTE_DEN-XNA,0.0
cat__ROUTE_DEN-XWA,0.0
cat__ROUTE_DFW-ABI,0.0
cat__ROUTE_DFW-ABQ,0.0
cat__ROUTE_DFW-ACT,0.0
cat__ROUTE_DFW-AEX,0.0
cat__ROUTE_DFW-AGS,0.0
cat__ROUTE_DFW-ALB,0.0
cat__ROUTE_DFW-AMA,0.0
cat__ROUTE_DFW-ANC,0.0
cat__ROUTE_DFW-ASE,0.0
cat__ROUTE_DFW-ATL,0.0
cat__ROUTE_DFW-ATW,0.0
cat__ROUTE_DFW-AUS,0.0
cat__ROUTE_DFW-AVL,0.0
cat__ROUTE_DFW-BDL,0.0
cat__ROUTE_DFW-BFL,0.0
cat__ROUTE_DFW-BHM,0.0
cat__ROUTE_DFW-BIL,0.0
cat__ROUTE_DFW-BIS,0.0
cat__ROUTE_DFW-BMI,0.0
cat__ROUTE_DFW-BNA,0.0
cat__ROUTE_DFW-BOI,0.0
cat__ROUTE_DFW-BOS,0.0
cat__ROUTE_DFW-BPT,0.0
cat__ROUTE_DFW-BRO,0.0
cat__ROUTE_DFW-BTR,0.0
cat__ROUTE_DFW-BUF,0.0
cat__ROUTE_DFW-BUR,0.0
cat__ROUTE_DFW-BWI,0.0
cat__ROUTE_DFW-BZN,0.0
cat__ROUTE_DFW-CAE,0.0
cat__ROUTE_DFW-CHA,0.0
cat__ROUTE_DFW-CHS,0.0
cat__ROUTE_DFW-CID,0.0
cat__ROUTE_DFW-CLE,0.0
cat__ROUTE_DFW-CLL,0.0
cat__ROUTE_DFW-CLT,0.0
cat__ROUTE_DFW-CMH,0.0
cat__ROUTE_DFW-CMI,0.0
cat__ROUTE_DFW-COS,0.0
cat__ROUTE_DFW-COU,0.0
cat__ROUTE_DFW-CRP,0.0
cat__ROUTE_DFW-CVG,0.0
cat__ROUTE_DFW-DAY,0.0
cat__ROUTE_DFW-DCA,0.0
cat__ROUTE_DFW-DEN,0.0
cat__ROUTE_DFW-DRO,0.0
cat__ROUTE_DFW-DSM,0.0
cat__ROUTE_DFW-DTW,0.0
cat__ROUTE_DFW-ECP,0.0
cat__ROUTE_DFW-EGE,0.0
cat__ROUTE_DFW-ELP,0.0
cat__ROUTE_DFW-EUG,0.0
cat__ROUTE_DFW-EVV,0.0
cat__ROUTE_DFW-EWR,0.0
cat__ROUTE_DFW-EYW,0.0
cat__ROUTE_DFW-FAR,0.0
cat__ROUTE_DFW-FAT,0.0
cat__ROUTE_DFW-FLG,0.0
cat__ROUTE_DFW-FLL,0.0
cat__ROUTE_DFW-FSD,0.0
cat__ROUTE_DFW-FSM,0.0
cat__ROUTE_DFW-FWA,0.0
cat__ROUTE_DFW-GCK,0.0
cat__ROUTE_DFW-GEG,0.0
cat__ROUTE_DFW-GGG,0.0
cat__ROUTE_DFW-GJT,0.0
cat__ROUTE_DFW-GNV,0.0
cat__ROUTE_DFW-GPT,0.0
cat__ROUTE_DFW-GRI,0.0
cat__ROUTE_DFW-GRK,0.0
cat__ROUTE_DFW-GRR,0.0
cat__ROUTE_DFW-GSO,0.0
cat__ROUTE_DFW-GSP,0.0
cat__ROUTE_DFW-GUC,0.0
cat__ROUTE_DFW-HDN,0.0
cat__ROUTE_DFW-HNL,0.0
cat__ROUTE_DFW-HOU,0.0
cat__ROUTE_DFW-HRL,0.0
cat__ROUTE_DFW-HSV,0.0
cat__ROUTE_DFW-IAD,0.0
cat__ROUTE_DFW-IAH,0.0
cat__ROUTE_DFW-ICT,0.0
cat__ROUTE_DFW-IDA,0.0
cat__ROUTE_DFW-ILM,0.0
cat__ROUTE_DFW-IND,0.0
cat__ROUTE_DFW-JAC,0.0
cat__ROUTE_DFW-JAN,0.0
cat__ROUTE_DFW-JAX,0.0
cat__ROUTE_DFW-JFK,0.0
cat__ROUTE_DFW-LAS,0.0
cat__ROUTE_DFW-LAW,0.0
cat__ROUTE_DFW-LAX,0.0
cat__ROUTE_DFW-LBB,0.0
cat__ROUTE_DFW-LCH,0.0
cat__ROUTE_DFW-LEX,0.0
cat__ROUTE_DFW-LFT,0.0
cat__ROUTE_DFW-LGA,0.0
cat__ROUTE_DFW-LIT,0.0
cat__ROUTE_DFW-LRD,0.0
cat__ROUTE_DFW-MAF,0.0
cat__ROUTE_DFW-MCI,0.0
cat__ROUTE_DFW-MCO,0.0
cat__ROUTE_DFW-MDT,0.0
cat__ROUTE_DFW-MDW,0.0
cat__ROUTE_DFW-MEM,0.0
cat__ROUTE_DFW-MFE,0.0
cat__ROUTE_DFW-MGM,0.0
cat__ROUTE_DFW-MHK,0.0
cat__ROUTE_DFW-MIA,0.0
cat__ROUTE_DFW-MKE,0.0
cat__ROUTE_DFW-MLI,0.0
cat__ROUTE_DFW-MLU,0.0
cat__ROUTE_DFW-MOB,0.0
cat__ROUTE_DFW-MRY,0.0
cat__ROUTE_DFW-MSN,0.0
cat__ROUTE_DFW-MSO,0.0
cat__ROUTE_DFW-MSP,0.0
cat__ROUTE_DFW-MSY,0.0
cat__ROUTE_DFW-MTJ,0.0
cat__ROUTE_DFW-MYR,0.0
cat__ROUTE_DFW-OGG,0.0
cat__ROUTE_DFW-OKC,0.0
cat__ROUTE_DFW-OMA,0.0
cat__ROUTE_DFW-ONT,0.0
cat__ROUTE_DFW-ORD,0.0
cat__ROUTE_DFW-ORF,0.0
cat__ROUTE_DFW-PBI,0.0
cat__ROUTE_DFW-PDX,0.0
cat__ROUTE_DFW-PHL,0.0
cat__ROUTE_DFW-PHX,0.0
cat__ROUTE_DFW-PIA,0.0
cat__ROUTE_DFW-PIT,0.0
cat__ROUTE_DFW-PNS,0.0
cat__ROUTE_DFW-PSP,0.0
cat__ROUTE_DFW-PVU,0.0
cat__ROUTE_DFW-RAP,0.0
cat__ROUTE_DFW-RDU,0.0
cat__ROUTE_DFW-RIC,0.0
cat__ROUTE_DFW-RNO,0.0
cat__ROUTE_DFW-ROW,0.0
cat__ROUTE_DFW-RSW,0.0
cat__ROUTE_DFW-SAF,0.0
cat__ROUTE_DFW-SAN,0.0
cat__ROUTE_DFW-SAT,0.0
cat__ROUTE_DFW-SAV,0.0
cat__ROUTE_DFW-SBA,0.0
cat__ROUTE_DFW-SBN,0.0
cat__ROUTE_DFW-SBP,0.0
cat__ROUTE_DFW-SDF,0.0
cat__ROUTE_DFW-SEA,0.0
cat__ROUTE_DFW-SFO,0.0
cat__ROUTE_DFW-SGF,0.0
cat__ROUTE_DFW-SGU,0.0
cat__ROUTE_DFW-SHV,0.0
cat__ROUTE_DFW-SJC,0.0
cat__ROUTE_DFW-SJT,0.0
cat__ROUTE_DFW-SJU,0.0
cat__ROUTE_DFW-SLC,0.0
cat__ROUTE_DFW-SMF,0.0
cat__ROUTE_DFW-SNA,0.0
cat__ROUTE_DFW-SPS,0.0
cat__ROUTE_DFW-SRQ,0.0
cat__ROUTE_DFW-STL,0.0
cat__ROUTE_DFW-STT,0.0
cat__ROUTE_DFW-SWO,0.0
cat__ROUTE_DFW-SYR,0.0
cat__ROUTE_DFW-TLH,0.0
cat__ROUTE_DFW-TPA,0.0
cat__ROUTE_DFW-TRI,0.0
cat__ROUTE_DFW-TUL,0.0
cat__ROUTE_DFW-TUS,0.0
cat__ROUTE_DFW-TXK,0.0
cat__ROUTE_DFW-TYR,0.0
cat__ROUTE_DFW-TYS,0.0
cat__ROUTE_DFW-VPS,0.0
cat__ROUTE_DFW-XNA,0.0
cat__ROUTE_DFW-YUM,0.0
cat__ROUTE_DIK-DEN,0.0
cat__ROUTE_DLH-MSP,0.0
cat__ROUTE_DLH-ORD,0.0
cat__ROUTE_DRO-DEN,0.0
cat__ROUTE_DRO-DFW,0.0
cat__ROUTE_DRO-PHX,0.0
cat__ROUTE_DSM-ATL,0.0
cat__ROUTE_DSM-AUS,0.0
cat__ROUTE_DSM-AZA,0.0
cat__ROUTE_DSM-BNA,0.0
cat__ROUTE_DSM-CLT,0.0
cat__ROUTE_DSM-DCA,0.0
cat__ROUTE_DSM-DEN,0.0
cat__ROUTE_DSM-DFW,0.0
cat__ROUTE_DSM-EWR,0.0
cat__ROUTE_DSM-FLL,0.0
cat__ROUTE_DSM-IAH,0.0
cat__ROUTE_DSM-LAS,0.0
cat__ROUTE_DSM-LGA,0.0
cat__ROUTE_DSM-MCO,0.0
cat__ROUTE_DSM-MIA,0.0
cat__ROUTE_DSM-ORD,0.0
cat__ROUTE_DSM-PGD,0.0
cat__ROUTE_DSM-PHX,0.0
cat__ROUTE_DSM-PIE,0.0
cat__ROUTE_DSM-SFB,0.0
cat__ROUTE_DSM-SNA,0.0
cat__ROUTE_DSM-SRQ,0.0
cat__ROUTE_DSM-STL,0.0
cat__ROUTE_DTW-ALB,0.0
cat__ROUTE_DTW-APN,0.0
cat__ROUTE_DTW-ATL,0.0
cat__ROUTE_DTW-ATW,0.0
cat__ROUTE_DTW-AUS,0.0
cat__ROUTE_DTW-AZO,0.0
cat__ROUTE_DTW-BDL,0.0
cat__ROUTE_DTW-BHM,0.0
cat__ROUTE_DTW-BNA,0.0
cat__ROUTE_DTW-BOS,0.0
cat__ROUTE_DTW-BTV,0.0
cat__ROUTE_DTW-BUF,0.0
cat__ROUTE_DTW-BWI,0.0
cat__ROUTE_DTW-CHS,0.0
cat__ROUTE_DTW-CIU,0.0
cat__ROUTE_DTW-CLE,0.0
cat__ROUTE_DTW-CLT,0.0
cat__ROUTE_DTW-CMH,0.0
cat__ROUTE_DTW-CVG,0.0
cat__ROUTE_DTW-DCA,0.0
cat__ROUTE_DTW-DEN,0.0
cat__ROUTE_DTW-DFW,0.0
cat__ROUTE_DTW-ELM,0.0
cat__ROUTE_DTW-ESC,0.0
cat__ROUTE_DTW-EWR,0.0
cat__ROUTE_DTW-FLL,0.0
cat__ROUTE_DTW-FWA,0.0
cat__ROUTE_DTW-GRB,0.0
cat__ROUTE_DTW-GRR,0.0
cat__ROUTE_DTW-GSP,0.0
cat__ROUTE_DTW-HNL,0.0
cat__ROUTE_DTW-HPN,0.0
cat__ROUTE_DTW-HSV,0.0
cat__ROUTE_DTW-IAD,0.0
cat__ROUTE_DTW-IAH,0.0
cat__ROUTE_DTW-IMT,0.0
cat__ROUTE_DTW-IND,0.0
cat__ROUTE_DTW-JAX,0.0
cat__ROUTE_DTW-JFK,0.0
cat__ROUTE_DTW-LAN,0.0
cat__ROUTE_DTW-LAS,0.0
cat__ROUTE_DTW-LAX,0.0
cat__ROUTE_DTW-LEX,0.0
cat__ROUTE_DTW-LGA,0.0
cat__ROUTE_DTW-MBS,0.0
cat__ROUTE_DTW-MCI,0.0
cat__ROUTE_DTW-MCO,0.0
cat__ROUTE_DTW-MDT,0.0
cat__ROUTE_DTW-MDW,0.0
cat__ROUTE_DTW-MEM,0.0
cat__ROUTE_DTW-MIA,0.0
cat__ROUTE_DTW-MKE,0.0
cat__ROUTE_DTW-MQT,0.0
cat__ROUTE_DTW-MSN,0.0
cat__ROUTE_DTW-MSP,0.0
cat__ROUTE_DTW-MSY,0.0
cat__ROUTE_DTW-MYR,0.0
cat__ROUTE_DTW-OMA,0.0
cat__ROUTE_DTW-ORD,0.0
cat__ROUTE_DTW-ORF,0.0
cat__ROUTE_DTW-PBI,0.0
cat__ROUTE_DTW-PDX,0.0
cat__ROUTE_DTW-PHL,0.0
cat__ROUTE_DTW-PHX,0.0
cat__ROUTE_DTW-PIT,0.0
cat__ROUTE_DTW-PLN,0.0
cat__ROUTE_DTW-PVD,0.0
cat__ROUTE_DTW-PWM,0.0
cat__ROUTE_DTW-RDU,0.0
cat__ROUTE_DTW-RIC,0.0
cat__ROUTE_DTW-ROC,0.0
cat__ROUTE_DTW-RSW,0.0
cat__ROUTE_DTW-SAN,0.0
cat__ROUTE_DTW-SAT,0.0
cat__ROUTE_DTW-SAV,0.0
cat__ROUTE_DTW-SBN,0.0
cat__ROUTE_DTW-SDF,0.0
cat__ROUTE_DTW-SEA,0.0
cat__ROUTE_DTW-SFO,0.0
cat__ROUTE_DTW-SJU,0.0
cat__ROUTE_DTW-SLC,0.0
cat__ROUTE_DTW-SNA,0.0
cat__ROUTE_DTW-SRQ,0.0
cat__ROUTE_DTW-STL,0.0
cat__ROUTE_DTW-SYR,0.0
cat__ROUTE_DTW-TPA,0.0
cat__ROUTE_DTW-TVC,0.0
cat__ROUTE_DVL-DEN,0.0
cat__ROUTE_DVL-JMS,0.0
cat__ROUTE_EAR-DEN,0.0
cat__ROUTE_EAU-ORD,0.0
cat__ROUTE_ECP-ATL,0.0
cat__ROUTE_ECP-BNA,0.0
cat__ROUTE_ECP-CLT,0.0
cat__ROUTE_ECP-DAL,0.0
cat__ROUTE_ECP-DFW,0.0
cat__ROUTE_ECP-HOU,0.0
cat__ROUTE_ECP-IAH,0.0
cat__ROUTE_ECP-ORD,0.0
cat__ROUTE_ECP-STL,0.0
cat__ROUTE_EGE-ATL,0.0
cat__ROUTE_EGE-DEN,0.0
cat__ROUTE_EGE-DFW,0.0
cat__ROUTE_EGE-EWR,0.0
cat__ROUTE_EGE-IAH,0.0
cat__ROUTE_EGE-JFK,0.0
cat__ROUTE_EGE-LAX,0.0
cat__ROUTE_EGE-MIA,0.0
cat__ROUTE_EGE-ORD,0.0
cat__ROUTE_EGE-PHX,0.0
cat__ROUTE_EGE-SAN,0.0
cat__ROUTE_EGE-SEA,0.0
cat__ROUTE_EGE-SFO,0.0
cat__ROUTE_EKO-SLC,0.0
cat__ROUTE_ELM-DTW,0.0
cat__ROUTE_ELM-PGD,0.0
cat__ROUTE_ELM-PIE,0.0
cat__ROUTE_ELM-SFB,0.0
cat__ROUTE_ELP-ATL,0.0
cat__ROUTE_ELP-AUS,0.0
cat__ROUTE_ELP-DAL,0.0
cat__ROUTE_ELP-DEN,0.0
cat__ROUTE_ELP-DFW,0.0
cat__ROUTE_ELP-HOU,0.0
cat__ROUTE_ELP-IAH,0.0
cat__ROUTE_ELP-LAS,0.0
cat__ROUTE_ELP-LAX,0.0
cat__ROUTE_ELP-LGB,0.0
cat__ROUTE_ELP-MCO,0.0
cat__ROUTE_ELP-MDW,0.0
cat__ROUTE_ELP-ORD,0.0
cat__ROUTE_ELP-PHX,0.0
cat__ROUTE_ELP-SAN,0.0
cat__ROUTE_ELP-SAT,0.0
cat__ROUTE_ESC-DTW,0.0
cat__ROUTE_ESC-MSP,0.0
cat__ROUTE_EUG-AZA,0.0
cat__ROUTE_EUG-BUR,0.0
cat__ROUTE_EUG-DEN,0.0
cat__ROUTE_EUG-DFW,0.0
cat__ROUTE_EUG-LAS,0.0
cat__ROUTE_EUG-LAX,0.0
cat__ROUTE_EUG-OAK,0.0
cat__ROUTE_EUG-PHX,0.0
cat__ROUTE_EUG-SAN,0.0
cat__ROUTE_EUG-SEA,0.0
cat__ROUTE_EUG-SFO,0.0
cat__ROUTE_EUG-SJC,0.0
cat__ROUTE_EUG-SLC,0.0
cat__ROUTE_EUG-SMF,0.0
cat__ROUTE_EUG-SNA,0.0
cat__ROUTE_EVV-ATL,0.0
cat__ROUTE_EVV-DFW,0.0
cat__ROUTE_EVV-PIE,0.0
cat__ROUTE_EVV-SFB,0.0
cat__ROUTE_EWR-ATL,0.0
cat__ROUTE_EWR-AUS,0.0
cat__ROUTE_EWR-AVL,0.0
cat__ROUTE_EWR-BGR,0.0
cat__ROUTE_EWR-BNA,0.0
cat__ROUTE_EWR-BOS,0.0
cat__ROUTE_EWR-BQN,0.0
cat__ROUTE_EWR-BTV,0.0
cat__ROUTE_EWR-BUF,0.0
cat__ROUTE_EWR-BZN,0.0
cat__ROUTE_EWR-CHS,0.0
cat__ROUTE_EWR-CLE,0.0
cat__ROUTE_EWR-CLT,0.0
cat__ROUTE_EWR-CMH,0.0
cat__ROUTE_EWR-CVG,0.0
cat__ROUTE_EWR-DCA,0.0
cat__ROUTE_EWR-DEN,0.0
cat__ROUTE_EWR-DFW,0.0
cat__ROUTE_EWR-DSM,0.0
cat__ROUTE_EWR-DTW,0.0
cat__ROUTE_EWR-EGE,0.0
cat__ROUTE_EWR-EYW,0.0
cat__ROUTE_EWR-FLL,0.0
cat__ROUTE_EWR-GRR,0.0
cat__ROUTE_EWR-GSP,0.0
cat__ROUTE_EWR-HDN,0.0
cat__ROUTE_EWR-HNL,0.0
cat__ROUTE_EWR-IAD,0.0
cat__ROUTE_EWR-IAH,0.0
cat__ROUTE_EWR-ILM,0.0
cat__ROUTE_EWR-IND,0.0
cat__ROUTE_EWR-JAC,0.0
cat__ROUTE_EWR-JAX,0.0
cat__ROUTE_EWR-LAS,0.0
cat__ROUTE_EWR-LAX,0.0
cat__ROUTE_EWR-MCO,0.0
cat__ROUTE_EWR-MIA,0.0
cat__ROUTE_EWR-MKE,0.0
cat__ROUTE_EWR-MSN,0.0
cat__ROUTE_EWR-MSP,0.0
cat__ROUTE_EWR-MSY,0.0
cat__ROUTE_EWR-MTJ,0.0
cat__ROUTE_EWR-MYR,0.0
cat__ROUTE_EWR-OGG,0.0
cat__ROUTE_EWR-ORD,0.0
cat__ROUTE_EWR-ORF,0.0
cat__ROUTE_EWR-PBI,0.0
cat__ROUTE_EWR-PDX,0.0
cat__ROUTE_EWR-PHX,0.0
cat__ROUTE_EWR-PIT,0.0
cat__ROUTE_EWR-PVD,0.0
cat__ROUTE_EWR-PWM,0.0
cat__ROUTE_EWR-RDU,0.0
cat__ROUTE_EWR-ROC,0.0
cat__ROUTE_EWR-RSW,0.0
cat__ROUTE_EWR-SAN,0.0
cat__ROUTE_EWR-SAT,0.0
cat__ROUTE_EWR-SAV,0.0
cat__ROUTE_EWR-SDF,0.0
cat__ROUTE_EWR-SEA,0.0
cat__ROUTE_EWR-SFO,0.0
cat__ROUTE_EWR-SJU,0.0
cat__ROUTE_EWR-SLC,0.0
cat__ROUTE_EWR-SMF,0.0
cat__ROUTE_EWR-SNA,0.0
cat__ROUTE_EWR-SRQ,0.0
cat__ROUTE_EWR-STL,0.0
cat__ROUTE_EWR-STT,0.0
cat__ROUTE_EWR-SYR,0.0
cat__ROUTE_EWR-TPA,0.0
cat__ROUTE_EWR-TYS,0.0
cat__ROUTE_EWR-VPS,0.0
cat__ROUTE_EYW-ATL,0.0
cat__ROUTE_EYW-AVL,0.0
cat__ROUTE_EYW-BOS,0.0
cat__ROUTE_EYW-CLT,0.0
cat__ROUTE_EYW-CVG,0.0
cat__ROUTE_EYW-DCA,0.0
cat__ROUTE_EYW-DFW,0.0
cat__ROUTE_EYW-EWR,0.0
cat__ROUTE_EYW-IND,0.0
cat__ROUTE_EYW-LGA,0.0
cat__ROUTE_EYW-MIA,0.0
cat__ROUTE_EYW-ORD,0.0
cat__ROUTE_EYW-PHL,0.0
cat__ROUTE_EYW-PIE,0.0
cat__ROUTE_EYW-PIT,0.0
cat__ROUTE_EYW-SFB,0.0
cat__ROUTE_FAI-ANC,0.0
cat__ROUTE_FAI-SEA,0.0
cat__ROUTE_FAR-AZA,0.0
cat__ROUTE_FAR-BNA,0.0
cat__ROUTE_FAR-DEN,0.0
cat__ROUTE_FAR-DFW,0.0
cat__ROUTE_FAR-LAS,0.0
cat__ROUTE_FAR-MSP,0.0
cat__ROUTE_FAR-ORD,0.0
cat__ROUTE_FAR-PHX,0.0
cat__ROUTE_FAR-PIE,0.0
cat__ROUTE_FAR-SFB,0.0
cat__ROUTE_FAT-ATL,0.0
cat__ROUTE_FAT-DEN,0.0
cat__ROUTE_FAT-DFW,0.0
cat__ROUTE_FAT-LAS,0.0
cat__ROUTE_FAT-LAX,0.0
cat__ROUTE_FAT-ORD,0.0
cat__ROUTE_FAT-PDX,0.0
cat__ROUTE_FAT-PHX,0.0
cat__ROUTE_FAT-SAN,0.0
cat__ROUTE_FAT-SEA,0.0
cat__ROUTE_FAT-SFO,0.0
cat__ROUTE_FAT-SLC,0.0
cat__ROUTE_FAY-ATL,0.0
cat__ROUTE_FAY-CLT,0.0
cat__ROUTE_FCA-AZA,0.0
cat__ROUTE_FCA-DEN,0.0
cat__ROUTE_FCA-LAS,0.0
cat__ROUTE_FCA-LAX,0.0
cat__ROUTE_FCA-MSP,0.0
cat__ROUTE_FCA-ORD,0.0
cat__ROUTE_FCA-SFO,0.0
cat__ROUTE_FCA-SLC,0.0
cat__ROUTE_FLG-DFW,0.0
cat__ROUTE_FLG-LAX,0.0
cat__ROUTE_FLG-PHX,0.0
cat__ROUTE_FLL-ABE,0.0
cat__ROUTE_FLL-ACY,0.0
cat__ROUTE_FLL-ALB,0.0
cat__ROUTE_FLL-ATL,0.0
cat__ROUTE_FLL-ATW,0.0
cat__ROUTE_FLL-AUS,0.0
cat__ROUTE_FLL-AVL,0.0
cat__ROUTE_FLL-BDL,0.0
cat__ROUTE_FLL-BHM,0.0
cat__ROUTE_FLL-BNA,0.0
cat__ROUTE_FLL-BOS,0.0
cat__ROUTE_FLL-BQN,0.0
cat__ROUTE_FLL-BUF,0.0
cat__ROUTE_FLL-BWI,0.0
cat__ROUTE_FLL-CAK,0.0
cat__ROUTE_FLL-CHS,0.0
cat__ROUTE_FLL-CID,0.0
cat__ROUTE_FLL-CLE,0.0
cat__ROUTE_FLL-CLT,0.0
cat__ROUTE_FLL-CMH,0.0
cat__ROUTE_FLL-CVG,0.0
cat__ROUTE_FLL-DAL,0.0
cat__ROUTE_FLL-DCA,0.0
cat__ROUTE_FLL-DEN,0.0
cat__ROUTE_FLL-DFW,0.0
cat__ROUTE_FLL-DSM,0.0
cat__ROUTE_FLL-DTW,0.0
cat__ROUTE_FLL-EWR,0.0
cat__ROUTE_FLL-FSD,0.0
cat__ROUTE_FLL-GRR,0.0
cat__ROUTE_FLL-GSP,0.0
cat__ROUTE_FLL-HOU,0.0
cat__ROUTE_FLL-HPN,0.0
cat__ROUTE_FLL-IAD,0.0
cat__ROUTE_FLL-IAH,0.0
cat__ROUTE_FLL-IND,0.0
cat__ROUTE_FLL-ISP,0.0
cat__ROUTE_FLL-JAX,0.0
cat__ROUTE_FLL-JFK,0.0
cat__ROUTE_FLL-LAS,0.0
cat__ROUTE_FLL-LAX,0.0
cat__ROUTE_FLL-LCK,0.0
cat__ROUTE_FLL-LEX,0.0
cat__ROUTE_FLL-LGA,0.0
cat__ROUTE_FLL-MCI,0.0
cat__ROUTE_FLL-MCO,0.0
cat__ROUTE_FLL-MDW,0.0
cat__ROUTE_FLL-MEM,0.0
cat__ROUTE_FLL-MHT,0.0
cat__ROUTE_FLL-MKE,0.0
cat__ROUTE_FLL-MSP,0.0
cat__ROUTE_FLL-MSY,0.0
cat__ROUTE_FLL-MYR,0.0
cat__ROUTE_FLL-OMA,0.0
cat__ROUTE_FLL-ORD,0.0
cat__ROUTE_FLL-ORF,0.0
cat__ROUTE_FLL-ORH,0.0
cat__ROUTE_FLL-PBG,0.0
cat__ROUTE_FLL-PDX,0.0
cat__ROUTE_FLL-PHL,0.0
cat__ROUTE_FLL-PHX,0.0
cat__ROUTE_FLL-PIT,0.0
cat__ROUTE_FLL-PNS,0.0
cat__ROUTE_FLL-PVD,0.0
cat__ROUTE_FLL-RDU,0.0
cat__ROUTE_FLL-RIC,0.0
cat__ROUTE_FLL-ROC,0.0
cat__ROUTE_FLL-SAN,0.0
cat__ROUTE_FLL-SAT,0.0
cat__ROUTE_FLL-SAV,0.0
cat__ROUTE_FLL-SDF,0.0
cat__ROUTE_FLL-SEA,0.0
cat__ROUTE_FLL-SFO,0.0
cat__ROUTE_FLL-SJU,0.0
cat__ROUTE_FLL-SLC,0.0
cat__ROUTE_FLL-STL,0.0
cat__ROUTE_FLL-STT,0.0
cat__ROUTE_FLL-STX,0.0
cat__ROUTE_FLL-SWF,0.0
cat__ROUTE_FLL-SYR,0.0
cat__ROUTE_FLL-TPA,0.0
cat__ROUTE_FLL-TVC,0.0
cat__ROUTE_FLL-TYS,0.0
cat__ROUTE_FLL-USA,0.0
cat__ROUTE_FLL-XNA,0.0
cat__ROUTE_FNT-AZA,0.0
cat__ROUTE_FNT-BNA,0.0
cat__ROUTE_FNT-JAX,0.0
cat__ROUTE_FNT-LAS,0.0
cat__ROUTE_FNT-ORD,0.0
cat__ROUTE_FNT-PGD,0.0
cat__ROUTE_FNT-PIE,0.0
cat__ROUTE_FNT-SFB,0.0
cat__ROUTE_FNT-SRQ,0.0
cat__ROUTE_FNT-VPS,0.0
cat__ROUTE_FOD-ORD,0.0
cat__ROUTE_FSD-ATL,0.0
cat__ROUTE_FSD-AZA,0.0
cat__ROUTE_FSD-BNA,0.0
cat__ROUTE_FSD-DEN,0.0
cat__ROUTE_FSD-DFW,0.0
cat__ROUTE_FSD-FLL,0.0
cat__ROUTE_FSD-LAS,0.0
cat__ROUTE_FSD-MSP,0.0
cat__ROUTE_FSD-ORD,0.0
cat__ROUTE_FSD-PGD,0.0
cat__ROUTE_FSD-PHX,0.0
cat__ROUTE_FSD-PIE,0.0
cat__ROUTE_FSD-SFB,0.0
cat__ROUTE_FSM-DFW,0.0
cat__ROUTE_FWA-ATL,0.0
cat__ROUTE_FWA-AZA,0.0
cat__ROUTE_FWA-CLT,0.0
cat__ROUTE_FWA-DFW,0.0
cat__ROUTE_FWA-DTW,0.0
cat__ROUTE_FWA-LAS,0.0
cat__ROUTE_FWA-MSP,0.0
cat__ROUTE_FWA-ORD,0.0
cat__ROUTE_FWA-PGD,0.0
cat__ROUTE_FWA-PIE,0.0
cat__ROUTE_FWA-SFB,0.0
cat__ROUTE_FWA-SRQ,0.0
cat__ROUTE_GCC-DEN,0.0
cat__ROUTE_GCK-DFW,0.0
cat__ROUTE_GEG-ATL,0.0
cat__ROUTE_GEG-AZA,0.0
cat__ROUTE_GEG-BOI,0.0
cat__ROUTE_GEG-DEN,0.0
cat__ROUTE_GEG-DFW,0.0
cat__ROUTE_GEG-LAS,0.0
cat__ROUTE_GEG-LAX,0.0
cat__ROUTE_GEG-MSP,0.0
cat__ROUTE_GEG-OAK,0.0
cat__ROUTE_GEG-ORD,0.0
cat__ROUTE_GEG-PDX,0.0
cat__ROUTE_GEG-PHX,0.0
cat__ROUTE_GEG-SAN,0.0
cat__ROUTE_GEG-SEA,0.0
cat__ROUTE_GEG-SFO,0.0
cat__ROUTE_GEG-SJC,0.0
cat__ROUTE_GEG-SLC,0.0
cat__ROUTE_GEG-SMF,0.0
cat__ROUTE_GFK-AZA,0.0
cat__ROUTE_GFK-LAS,0.0
cat__ROUTE_GFK-MSP,0.0
cat__ROUTE_GFK-SFB,0.0
cat__ROUTE_GGG-DFW,0.0
cat__ROUTE_GJT-DEN,0.0
cat__ROUTE_GJT-DFW,0.0
cat__ROUTE_GJT-LAS,0.0
cat__ROUTE_GJT-PHX,0.0
cat__ROUTE_GJT-SLC,0.0
cat__ROUTE_GNV-ATL,0.0
cat__ROUTE_GNV-CLT,0.0
cat__ROUTE_GNV-DFW,0.0
cat__ROUTE_GNV-MIA,0.0
cat__ROUTE_GPT-ATL,0.0
cat__ROUTE_GPT-CLT,0.0
cat__ROUTE_GPT-DFW,0.0
cat__ROUTE_GRB-ATL,0.0
cat__ROUTE_GRB-DTW,0.0
cat__ROUTE_GRB-MSP,0.0
cat__ROUTE_GRB-ORD,0.0
cat__ROUTE_GRI-AZA,0.0
cat__ROUTE_GRI-DFW,0.0
cat__ROUTE_GRI-LAS,0.0
cat__ROUTE_GRK-DFW,0.0
cat__ROUTE_GRR-ATL,0.0
cat__ROUTE_GRR-AUS,0.0
cat__ROUTE_GRR-AZA,0.0
cat__ROUTE_GRR-BNA,0.0
cat__ROUTE_GRR-BOS,0.0
cat__ROUTE_GRR-BWI,0.0
cat__ROUTE_GRR-CLT,0.0
cat__ROUTE_GRR-DCA,0.0
cat__ROUTE_GRR-DEN,0.0
cat__ROUTE_GRR-DFW,0.0
cat__ROUTE_GRR-DTW,0.0
cat__ROUTE_GRR-EWR,0.0
cat__ROUTE_GRR-FLL,0.0
cat__ROUTE_GRR-LAS,0.0
cat__ROUTE_GRR-LGA,0.0
cat__ROUTE_GRR-MCO,0.0
cat__ROUTE_GRR-MDW,0.0
cat__ROUTE_GRR-MIA,0.0
cat__ROUTE_GRR-MSP,0.0
cat__ROUTE_GRR-ORD,0.0
cat__ROUTE_GRR-PBI,0.0
cat__ROUTE_GRR-PGD,0.0
cat__ROUTE_GRR-PHX,0.0
cat__ROUTE_GRR-PIE,0.0
cat__ROUTE_GRR-RSW,0.0
cat__ROUTE_GRR-SFB,0.0
cat__ROUTE_GRR-SRQ,0.0
cat__ROUTE_GRR-TPA,0.0
cat__ROUTE_GRR-VPS,0.0
cat__ROUTE_GSO-ATL,0.0
cat__ROUTE_GSO-CLT,0.0
cat__ROUTE_GSO-DCA,0.0
cat__ROUTE_GSO-DEN,0.0
cat__ROUTE_GSO-DFW,0.0
cat__ROUTE_GSO-LGA,0.0
cat__ROUTE_GSO-MIA,0.0
cat__ROUTE_GSO-ORD,0.0
cat__ROUTE_GSO-PIE,0.0
cat__ROUTE_GSP-ATL,0.0
cat__ROUTE_GSP-BNA,0.0
cat__ROUTE_GSP-BWI,0.0
cat__ROUTE_GSP-CLT,0.0
cat__ROUTE_GSP-DCA,0.0
cat__ROUTE_GSP-DEN,0.0
cat__ROUTE_GSP-DFW,0.0
cat__ROUTE_GSP-DTW,0.0
cat__ROUTE_GSP-EWR,0.0
cat__ROUTE_GSP-FLL,0.0
cat__ROUTE_GSP-IAH,0.0
cat__ROUTE_GSP-LGA,0.0
cat__ROUTE_GSP-MIA,0.0
cat__ROUTE_GSP-ORD,0.0
cat__ROUTE_GSP-PHL,0.0
cat__ROUTE_GSP-PIE,0.0
cat__ROUTE_GSP-SFB,0.0
cat__ROUTE_GTF-AZA,0.0
cat__ROUTE_GTF-DEN,0.0
cat__ROUTE_GTF-LAS,0.0
cat__ROUTE_GTF-MSP,0.0
cat__ROUTE_GTF-SEA,0.0
cat__ROUTE_GTF-SLC,0.0
cat__ROUTE_GUC-DEN,0.0
cat__ROUTE_GUC-DFW,0.0
cat__ROUTE_GUM-HNL,0.0
cat__ROUTE_GUM-SPN,0.0
cat__ROUTE_HDN-ATL,0.0
cat__ROUTE_HDN-BNA,0.0
cat__ROUTE_HDN-BOS,0.0
cat__ROUTE_HDN-DAL,0.0
cat__ROUTE_HDN-DEN,0.0
cat__ROUTE_HDN-DFW,0.0
cat__ROUTE_HDN-EWR,0.0
cat__ROUTE_HDN-IAD,0.0
cat__ROUTE_HDN-IAH,0.0
cat__ROUTE_HDN-LAX,0.0
cat__ROUTE_HDN-MSP,0.0
cat__ROUTE_HDN-ORD,0.0
cat__ROUTE_HDN-SAN,0.0
cat__ROUTE_HDN-SFO,0.0
cat__ROUTE_HGR-PIE,0.0
cat__ROUTE_HGR-SFB,0.0
cat__ROUTE_HHH-CLT,0.0
cat__ROUTE_HIB-MSP,0.0
cat__ROUTE_HLN-DEN,0.0
cat__ROUTE_HLN-SEA,0.0
cat__ROUTE_HLN-SLC,0.0
cat__ROUTE_HNL-ANC,0.0
cat__ROUTE_HNL-ATL,0.0
cat__ROUTE_HNL-AUS,0.0
cat__ROUTE_HNL-BOS,0.0
cat__ROUTE_HNL-DEN,0.0
cat__ROUTE_HNL-DFW,0.0
cat__ROUTE_HNL-DTW,0.0
cat__ROUTE_HNL-EWR,0.0
cat__ROUTE_HNL-GUM,0.0
cat__ROUTE_HNL-IAD,0.0
cat__ROUTE_HNL-IAH,0.0
cat__ROUTE_HNL-ITO,0.0
cat__ROUTE_HNL-JFK,0.0
cat__ROUTE_HNL-KOA,0.0
cat__ROUTE_HNL-LAS,0.0
cat__ROUTE_HNL-LAX,0.0
cat__ROUTE_HNL-LGB,0.0
cat__ROUTE_HNL-LIH,0.0
cat__ROUTE_HNL-MSP,0.0
cat__ROUTE_HNL-OAK,0.0
cat__ROUTE_HNL-OGG,0.0
cat__ROUTE_HNL-ONT,0.0
cat__ROUTE_HNL-ORD,0.0
cat__ROUTE_HNL-PAE,0.0
cat__ROUTE_HNL-PDX,0.0
cat__ROUTE_HNL-PHX,0.0
cat__ROUTE_HNL-PPG,0.0
cat__ROUTE_HNL-SAN,0.0
cat__ROUTE_HNL-SEA,0.0
cat__ROUTE_HNL-SFO,0.0
cat__ROUTE_HNL-SJC,0.0
cat__ROUTE_HNL-SLC,0.0
cat__ROUTE_HNL-SMF,0.0
cat__ROUTE_HOB-DEN,0.0
cat__ROUTE_HOB-IAH,0.0
cat__ROUTE_HOU-ABQ,0.0
cat__ROUTE_HOU-AMA,0.0
cat__ROUTE_HOU-ATL,0.0
cat__ROUTE_HOU-AUS,0.0
cat__ROUTE_HOU-BHM,0.0
cat__ROUTE_HOU-BNA,0.0
cat__ROUTE_HOU-BUR,0.0
cat__ROUTE_HOU-BWI,0.0
cat__ROUTE_HOU-CHS,0.0
cat__ROUTE_HOU-CMH,0.0
cat__ROUTE_HOU-COS,0.0
cat__ROUTE_HOU-CRP,0.0
cat__ROUTE_HOU-DAL,0.0
cat__ROUTE_HOU-DCA,0.0
cat__ROUTE_HOU-DEN,0.0
cat__ROUTE_HOU-DFW,0.0
cat__ROUTE_HOU-ECP,0.0
cat__ROUTE_HOU-ELP,0.0
cat__ROUTE_HOU-FLL,0.0
cat__ROUTE_HOU-GSP,0.0
cat__ROUTE_HOU-HRL,0.0
cat__ROUTE_HOU-IND,0.0
cat__ROUTE_HOU-JAN,0.0
cat__ROUTE_HOU-JAX,0.0
cat__ROUTE_HOU-LAS,0.0
cat__ROUTE_HOU-LAX,0.0
cat__ROUTE_HOU-LBB,0.0
cat__ROUTE_HOU-LGA,0.0
cat__ROUTE_HOU-LGB,0.0
cat__ROUTE_HOU-MAF,0.0
cat__ROUTE_HOU-MCI,0.0
cat__ROUTE_HOU-MCO,0.0
cat__ROUTE_HOU-MDW,0.0
cat__ROUTE_HOU-MEM,0.0
cat__ROUTE_HOU-MIA,0.0
cat__ROUTE_HOU-MSY,0.0
cat__ROUTE_HOU-OAK,0.0
cat__ROUTE_HOU-OKC,0.0
cat__ROUTE_HOU-OMA,0.0
cat__ROUTE_HOU-ONT,0.0
cat__ROUTE_HOU-PHX,0.0
cat__ROUTE_HOU-PIT,0.0
cat__ROUTE_HOU-PNS,0.0
cat__ROUTE_HOU-PVU,0.0
cat__ROUTE_HOU-RDU,0.0
cat__ROUTE_HOU-RSW,0.0
cat__ROUTE_HOU-SAN,0.0
cat__ROUTE_HOU-SAT,0.0
cat__ROUTE_HOU-SAV,0.0
cat__ROUTE_HOU-SDF,0.0
cat__ROUTE_HOU-SJC,0.0
cat__ROUTE_HOU-SJU,0.0
cat__ROUTE_HOU-SLC,0.0
cat__ROUTE_HOU-SMF,0.0
cat__ROUTE_HOU-STL,0.0
cat__ROUTE_HOU-TPA,0.0
cat__ROUTE_HOU-TUL,0.0
cat__ROUTE_HOU-TUS,0.0
cat__ROUTE_HOU-TYS,0.0
cat__ROUTE_HOU-VPS,0.0
cat__ROUTE_HPN-ATL,0.0
cat__ROUTE_HPN-CLT,0.0
cat__ROUTE_HPN-DCA,0.0
cat__ROUTE_HPN-DTW,0.0
cat__ROUTE_HPN-FLL,0.0
cat__ROUTE_HPN-MCO,0.0
cat__ROUTE_HPN-MIA,0.0
cat__ROUTE_HPN-ORD,0.0
cat__ROUTE_HPN-PBI,0.0
cat__ROUTE_HPN-RSW,0.0
cat__ROUTE_HPN-SJU,0.0
cat__ROUTE_HPN-TPA,0.0
cat__ROUTE_HRL-AUS,0.0
cat__ROUTE_HRL-DAL,0.0
cat__ROUTE_HRL-DFW,0.0
cat__ROUTE_HRL-HOU,0.0
cat__ROUTE_HRL-IAH,0.0
cat__ROUTE_HRL-MSP,0.0
cat__ROUTE_HSV-ATL,0.0
cat__ROUTE_HSV-CLT,0.0
cat__ROUTE_HSV-DCA,0.0
cat__ROUTE_HSV-DEN,0.0
cat__ROUTE_HSV-DFW,0.0
cat__ROUTE_HSV-DTW,0.0
cat__ROUTE_HSV-MIA,0.0
cat__ROUTE_HSV-ORD,0.0
cat__ROUTE_HTS-PIE,0.0
cat__ROUTE_HTS-SFB,0.0
cat__ROUTE_HYS-DEN,0.0
cat__ROUTE_IAD-ATL,0.0
cat__ROUTE_IAD-AUS,0.0
cat__ROUTE_IAD-BDL,0.0
cat__ROUTE_IAD-BNA,0.0
cat__ROUTE_IAD-BOS,0.0
cat__ROUTE_IAD-BTV,0.0
cat__ROUTE_IAD-BUF,0.0
cat__ROUTE_IAD-BZN,0.0
cat__ROUTE_IAD-CHS,0.0
cat__ROUTE_IAD-CLE,0.0
cat__ROUTE_IAD-CLT,0.0
cat__ROUTE_IAD-CMH,0.0
cat__ROUTE_IAD-CVG,0.0
cat__ROUTE_IAD-DEN,0.0
cat__ROUTE_IAD-DFW,0.0
cat__ROUTE_IAD-DTW,0.0
cat__ROUTE_IAD-EWR,0.0
cat__ROUTE_IAD-FLL,0.0
cat__ROUTE_IAD-HDN,0.0
cat__ROUTE_IAD-HNL,0.0
cat__ROUTE_IAD-IAH,0.0
cat__ROUTE_IAD-IND,0.0
cat__ROUTE_IAD-JAX,0.0
cat__ROUTE_IAD-JST,0.0
cat__ROUTE_IAD-LAS,0.0
cat__ROUTE_IAD-LAX,0.0
cat__ROUTE_IAD-LGA,0.0
cat__ROUTE_IAD-MCO,0.0
cat__ROUTE_IAD-MGW,0.0
cat__ROUTE_IAD-MIA,0.0
cat__ROUTE_IAD-MSP,0.0
cat__ROUTE_IAD-MSY,0.0
cat__ROUTE_IAD-ORD,0.0
cat__ROUTE_IAD-ORF,0.0
cat__ROUTE_IAD-PBI,0.0
cat__ROUTE_IAD-PDX,0.0
cat__ROUTE_IAD-PGD,0.0
cat__ROUTE_IAD-PHX,0.0
cat__ROUTE_IAD-PIT,0.0
cat__ROUTE_IAD-PSP,0.0
cat__ROUTE_IAD-PVD,0.0
cat__ROUTE_IAD-PWM,0.0
cat__ROUTE_IAD-RDU,0.0
cat__ROUTE_IAD-ROC,0.0
cat__ROUTE_IAD-RSW,0.0
cat__ROUTE_IAD-SAN,0.0
cat__ROUTE_IAD-SAT,0.0
cat__ROUTE_IAD-SBN,0.0
cat__ROUTE_IAD-SCE,0.0
cat__ROUTE_IAD-SDF,0.0
cat__ROUTE_IAD-SEA,0.0
cat__ROUTE_IAD-SFO,0.0
cat__ROUTE_IAD-SJU,0.0
cat__ROUTE_IAD-SLC,0.0
cat__ROUTE_IAD-SMF,0.0
cat__ROUTE_IAD-SRQ,0.0
cat__ROUTE_IAD-STT,0.0
cat__ROUTE_IAD-SYR,0.0
cat__ROUTE_IAD-TPA,0.0
cat__ROUTE_IAG-PGD,0.0
cat__ROUTE_IAG-PIE,0.0
cat__ROUTE_IAH-ABQ,0.0
cat__ROUTE_IAH-ASE,0.0
cat__ROUTE_IAH-ATL,0.0
cat__ROUTE_IAH-AUS,0.0
cat__ROUTE_IAH-BNA,0.0
cat__ROUTE_IAH-BOS,0.0
cat__ROUTE_IAH-BTR,0.0
cat__ROUTE_IAH-BWI,0.0
cat__ROUTE_IAH-BZN,0.0
cat__ROUTE_IAH-CLE,0.0
cat__ROUTE_IAH-CLT,0.0
cat__ROUTE_IAH-CMH,0.0
cat__ROUTE_IAH-COS,0.0
cat__ROUTE_IAH-CRP,0.0
cat__ROUTE_IAH-CVG,0.0
cat__ROUTE_IAH-DCA,0.0
cat__ROUTE_IAH-DEN,0.0
cat__ROUTE_IAH-DFW,0.0
cat__ROUTE_IAH-DSM,0.0
cat__ROUTE_IAH-DTW,0.0
cat__ROUTE_IAH-ECP,0.0
cat__ROUTE_IAH-EGE,0.0
cat__ROUTE_IAH-ELP,0.0
cat__ROUTE_IAH-EWR,0.0
cat__ROUTE_IAH-FLL,0.0
cat__ROUTE_IAH-GSP,0.0
cat__ROUTE_IAH-HDN,0.0
cat__ROUTE_IAH-HNL,0.0
cat__ROUTE_IAH-HOB,0.0
cat__ROUTE_IAH-HRL,0.0
cat__ROUTE_IAH-IAD,0.0
cat__ROUTE_IAH-ICT,0.0
cat__ROUTE_IAH-IND,0.0
cat__ROUTE_IAH-JAC,0.0
cat__ROUTE_IAH-JAX,0.0
cat__ROUTE_IAH-JFK,0.0
cat__ROUTE_IAH-LAS,0.0
cat__ROUTE_IAH-LAX,0.0
cat__ROUTE_IAH-LFT,0.0
cat__ROUTE_IAH-LGA,0.0
cat__ROUTE_IAH-LIT,0.0
cat__ROUTE_IAH-MAF,0.0
cat__ROUTE_IAH-MCI,0.0
cat__ROUTE_IAH-MCO,0.0
cat__ROUTE_IAH-MDW,0.0
cat__ROUTE_IAH-MEI,0.0
cat__ROUTE_IAH-MEM,0.0
cat__ROUTE_IAH-MFE,0.0
cat__ROUTE_IAH-MIA,0.0
cat__ROUTE_IAH-MSP,0.0
cat__ROUTE_IAH-MSY,0.0
cat__ROUTE_IAH-OKC,0.0
cat__ROUTE_IAH-OMA,0.0
cat__ROUTE_IAH-ONT,0.0
cat__ROUTE_IAH-ORD,0.0
cat__ROUTE_IAH-ORF,0.0
cat__ROUTE_IAH-PBI,0.0
cat__ROUTE_IAH-PDX,0.0
cat__ROUTE_IAH-PHL,0.0
cat__ROUTE_IAH-PHX,0.0
cat__ROUTE_IAH-PIB,0.0
cat__ROUTE_IAH-PIT,0.0
cat__ROUTE_IAH-PNS,0.0
cat__ROUTE_IAH-PSP,0.0
cat__ROUTE_IAH-RDU,0.0
cat__ROUTE_IAH-RIC,0.0
cat__ROUTE_IAH-RNO,0.0
cat__ROUTE_IAH-RSW,0.0
cat__ROUTE_IAH-SAN,0.0
cat__ROUTE_IAH-SAT,0.0
cat__ROUTE_IAH-SEA,0.0
cat__ROUTE_IAH-SFO,0.0
cat__ROUTE_IAH-SGF,0.0
cat__ROUTE_IAH-SHV,0.0
cat__ROUTE_IAH-SJC,0.0
cat__ROUTE_IAH-SJU,0.0
cat__ROUTE_IAH-SLC,0.0
cat__ROUTE_IAH-SMF,0.0
cat__ROUTE_IAH-SNA,0.0
cat__ROUTE_IAH-SRQ,0.0
cat__ROUTE_IAH-STL,0.0
cat__ROUTE_IAH-STT,0.0
cat__ROUTE_IAH-TPA,0.0
cat__ROUTE_IAH-TUL,0.0
cat__ROUTE_IAH-TUS,0.0
cat__ROUTE_IAH-VCT,0.0
cat__ROUTE_ICT-ATL,0.0
cat__ROUTE_ICT-AZA,0.0
cat__ROUTE_ICT-DCA,0.0
cat__ROUTE_ICT-DEN,0.0
cat__ROUTE_ICT-DFW,0.0
cat__ROUTE_ICT-IAH,0.0
cat__ROUTE_ICT-LAS,0.0
cat__ROUTE_ICT-MIA,0.0
cat__ROUTE_ICT-ORD,0.0
cat__ROUTE_ICT-PHX,0.0
cat__ROUTE_ICT-SFB,0.0
cat__ROUTE_ICT-STL,0.0
cat__ROUTE_IDA-AZA,0.0
cat__ROUTE_IDA-DEN,0.0
cat__ROUTE_IDA-DFW,0.0
cat__ROUTE_IDA-LAS,0.0
cat__ROUTE_IDA-PDX,0.0
cat__ROUTE_IDA-PHX,0.0
cat__ROUTE_IDA-SLC,0.0
cat__ROUTE_IDA-SNA,0.0
cat__ROUTE_ILM-ATL,0.0
cat__ROUTE_ILM-CLT,0.0
cat__ROUTE_ILM-DCA,0.0
cat__ROUTE_ILM-DFW,0.0
cat__ROUTE_ILM-EWR,0.0
cat__ROUTE_ILM-LGA,0.0
cat__ROUTE_ILM-MIA,0.0
cat__ROUTE_IMT-DTW,0.0
cat__ROUTE_IMT-MSP,0.0
cat__ROUTE_IND-ATL,0.0
cat__ROUTE_IND-AUS,0.0
cat__ROUTE_IND-BOS,0.0
cat__ROUTE_IND-BWI,0.0
cat__ROUTE_IND-CLT,0.0
cat__ROUTE_IND-DAL,0.0
cat__ROUTE_IND-DCA,0.0
cat__ROUTE_IND-DEN,0.0
cat__ROUTE_IND-DFW,0.0
cat__ROUTE_IND-DTW,0.0
cat__ROUTE_IND-EWR,0.0
cat__ROUTE_IND-EYW,0.0
cat__ROUTE_IND-FLL,0.0
cat__ROUTE_IND-HOU,0.0
cat__ROUTE_IND-IAD,0.0
cat__ROUTE_IND-IAH,0.0
cat__ROUTE_IND-JAX,0.0
cat__ROUTE_IND-JFK,0.0
cat__ROUTE_IND-LAS,0.0
cat__ROUTE_IND-LAX,0.0
cat__ROUTE_IND-LGA,0.0
cat__ROUTE_IND-MCI,0.0
cat__ROUTE_IND-MCO,0.0
cat__ROUTE_IND-MIA,0.0
cat__ROUTE_IND-MSP,0.0
cat__ROUTE_IND-ORD,0.0
cat__ROUTE_IND-PGD,0.0
cat__ROUTE_IND-PHL,0.0
cat__ROUTE_IND-PHX,0.0
cat__ROUTE_IND-PIE,0.0
cat__ROUTE_IND-RDU,0.0
cat__ROUTE_IND-RSW,0.0
cat__ROUTE_IND-SAN,0.0
cat__ROUTE_IND-SEA,0.0
cat__ROUTE_IND-SFB,0.0
cat__ROUTE_IND-SFO,0.0
cat__ROUTE_IND-SLC,0.0
cat__ROUTE_IND-SRQ,0.0
cat__ROUTE_IND-TPA,0.0
cat__ROUTE_INL-MSP,0.0
cat__ROUTE_ISP-BWI,0.0
cat__ROUTE_ISP-FLL,0.0
cat__ROUTE_ISP-MCO,0.0
cat__ROUTE_ISP-MIA,0.0
cat__ROUTE_ISP-PBI,0.0
cat__ROUTE_ISP-RSW,0.0
cat__ROUTE_ISP-TPA,0.0
cat__ROUTE_ITO-HNL,0.0
cat__ROUTE_ITO-OGG,0.0
cat__ROUTE_JAC-ATL,0.0
cat__ROUTE_JAC-DEN,0.0
cat__ROUTE_JAC-DFW,0.0
cat__ROUTE_JAC-EWR,0.0
cat__ROUTE_JAC-IAH,0.0
cat__ROUTE_JAC-LAX,0.0
cat__ROUTE_JAC-MSP,0.0
cat__ROUTE_JAC-ORD,0.0
cat__ROUTE_JAC-SAN,0.0
cat__ROUTE_JAC-SEA,0.0
cat__ROUTE_JAC-SFO,0.0
cat__ROUTE_JAC-SLC,0.0
cat__ROUTE_JAN-ATL,0.0
cat__ROUTE_JAN-BWI,0.0
cat__ROUTE_JAN-CLT,0.0
cat__ROUTE_JAN-DCA,0.0
cat__ROUTE_JAN-DFW,0.0
cat__ROUTE_JAN-HOU,0.0
cat__ROUTE_JAN-MCO,0.0
cat__ROUTE_JAX-ATL,0.0
cat__ROUTE_JAX-BNA,0.0
cat__ROUTE_JAX-BOS,0.0
cat__ROUTE_JAX-BWI,0.0
cat__ROUTE_JAX-CLT,0.0
cat__ROUTE_JAX-CVG,0.0
cat__ROUTE_JAX-DAL,0.0
cat__ROUTE_JAX-DCA,0.0
cat__ROUTE_JAX-DEN,0.0
cat__ROUTE_JAX-DFW,0.0
cat__ROUTE_JAX-DTW,0.0
cat__ROUTE_JAX-EWR,0.0
cat__ROUTE_JAX-FLL,0.0
cat__ROUTE_JAX-FNT,0.0
cat__ROUTE_JAX-HOU,0.0
cat__ROUTE_JAX-IAD,0.0
cat__ROUTE_JAX-IAH,0.0
cat__ROUTE_JAX-IND,0.0
cat__ROUTE_JAX-JFK,0.0
cat__ROUTE_JAX-LGA,0.0
cat__ROUTE_JAX-MDT,0.0
cat__ROUTE_JAX-MDW,0.0
cat__ROUTE_JAX-MIA,0.0
cat__ROUTE_JAX-MSP,0.0
cat__ROUTE_JAX-ORD,0.0
cat__ROUTE_JAX-PHL,0.0
cat__ROUTE_JAX-PHX,0.0
cat__ROUTE_JAX-PIT,0.0
cat__ROUTE_JAX-SJU,0.0
cat__ROUTE_JAX-STL,0.0
cat__ROUTE_JAX-TYS,0.0
cat__ROUTE_JFK-ATL,0.0
cat__ROUTE_JFK-AUS,0.0
cat__ROUTE_JFK-BNA,0.0
cat__ROUTE_JFK-BOS,0.0
cat__ROUTE_JFK-BQN,0.0
cat__ROUTE_JFK-BTV,0.0
cat__ROUTE_JFK-BUF,0.0
cat__ROUTE_JFK-BZN,0.0
cat__ROUTE_JFK-CHS,0.0
cat__ROUTE_JFK-CLE,0.0
cat__ROUTE_JFK-CLT,0.0
cat__ROUTE_JFK-CMH,0.0
cat__ROUTE_JFK-CVG,0.0
cat__ROUTE_JFK-DCA,0.0
cat__ROUTE_JFK-DEN,0.0
cat__ROUTE_JFK-DFW,0.0
cat__ROUTE_JFK-DTW,0.0
cat__ROUTE_JFK-EGE,0.0
cat__ROUTE_JFK-FLL,0.0
cat__ROUTE_JFK-HNL,0.0
cat__ROUTE_JFK-IAH,0.0
cat__ROUTE_JFK-IND,0.0
cat__ROUTE_JFK-JAX,0.0
cat__ROUTE_JFK-LAS,0.0
cat__ROUTE_JFK-LAX,0.0
cat__ROUTE_JFK-MCI,0.0
cat__ROUTE_JFK-MCO,0.0
cat__ROUTE_JFK-MIA,0.0
cat__ROUTE_JFK-MKE,0.0
cat__ROUTE_JFK-MSP,0.0
cat__ROUTE_JFK-MSY,0.0
cat__ROUTE_JFK-ORD,0.0
cat__ROUTE_JFK-ORF,0.0
cat__ROUTE_JFK-ORH,0.0
cat__ROUTE_JFK-PBI,0.0
cat__ROUTE_JFK-PDX,0.0
cat__ROUTE_JFK-PHX,0.0
cat__ROUTE_JFK-PIT,0.0
cat__ROUTE_JFK-PSE,0.0
cat__ROUTE_JFK-PSP,0.0
cat__ROUTE_JFK-PWM,0.0
cat__ROUTE_JFK-RDU,0.0
cat__ROUTE_JFK-RIC,0.0
cat__ROUTE_JFK-RNO,0.0
cat__ROUTE_JFK-ROC,0.0
cat__ROUTE_JFK-RSW,0.0
cat__ROUTE_JFK-SAN,0.0
cat__ROUTE_JFK-SAT,0.0
cat__ROUTE_JFK-SAV,0.0
cat__ROUTE_JFK-SEA,0.0
cat__ROUTE_JFK-SFO,0.0
cat__ROUTE_JFK-SJU,0.0
cat__ROUTE_JFK-SLC,0.0
cat__ROUTE_JFK-SNA,0.0
cat__ROUTE_JFK-SRQ,0.0
cat__ROUTE_JFK-STT,0.0
cat__ROUTE_JFK-SYR,0.0
cat__ROUTE_JFK-TPA,0.0
cat__ROUTE_JLN-DEN,0.0
cat__ROUTE_JLN-ORD,0.0
cat__ROUTE_JMS-DEN,0.0
cat__ROUTE_JMS-DVL,0.0
cat__ROUTE_JNU-ANC,0.0
cat__ROUTE_JNU-KTN,0.0
cat__ROUTE_JNU-PSG,0.0
cat__ROUTE_JNU-SEA,0.0
cat__ROUTE_JNU-SIT,0.0
cat__ROUTE_JNU-YAK,0.0
cat__ROUTE_JST-IAD,0.0
cat__ROUTE_JST-ORD,0.0
cat__ROUTE_KOA-ANC,0.0
cat__ROUTE_KOA-DEN,0.0
cat__ROUTE_KOA-HNL,0.0
cat__ROUTE_KOA-LAS,0.0
cat__ROUTE_KOA-LAX,0.0
cat__ROUTE_KOA-LIH,0.0
cat__ROUTE_KOA-OAK,0.0
cat__ROUTE_KOA-OGG,0.0
cat__ROUTE_KOA-ORD,0.0
cat__ROUTE_KOA-PDX,0.0
cat__ROUTE_KOA-PHX,0.0
cat__ROUTE_KOA-SAN,0.0
cat__ROUTE_KOA-SEA,0.0
cat__ROUTE_KOA-SFO,0.0
cat__ROUTE_KOA-SJC,0.0
cat__ROUTE_KOA-SMF,0.0
cat__ROUTE_KTN-JNU,0.0
cat__ROUTE_KTN-SEA,0.0
cat__ROUTE_KTN-SIT,0.0
cat__ROUTE_KTN-WRG,0.0
cat__ROUTE_LAN-DCA,0.0
cat__ROUTE_LAN-DTW,0.0
cat__ROUTE_LAR-DEN,0.0
cat__ROUTE_LAS-ABQ,0.0
cat__ROUTE_LAS-ALB,0.0
cat__ROUTE_LAS-AMA,0.0
cat__ROUTE_LAS-ANC,0.0
cat__ROUTE_LAS-ATL,0.0
cat__ROUTE_LAS-ATW,0.0
cat__ROUTE_LAS-AUS,0.0
cat__ROUTE_LAS-AVL,0.0
cat__ROUTE_LAS-AZA,0.0
cat__ROUTE_LAS-BHM,0.0
cat__ROUTE_LAS-BIL,0.0
cat__ROUTE_LAS-BIS,0.0
cat__ROUTE_LAS-BLI,0.0
cat__ROUTE_LAS-BNA,0.0
cat__ROUTE_LAS-BOI,0.0
cat__ROUTE_LAS-BOS,0.0
cat__ROUTE_LAS-BUF,0.0
cat__ROUTE_LAS-BUR,0.0
cat__ROUTE_LAS-BWI,0.0
cat__ROUTE_LAS-BZN,0.0
cat__ROUTE_LAS-CHA,0.0
cat__ROUTE_LAS-CID,0.0
cat__ROUTE_LAS-CLE,0.0
cat__ROUTE_LAS-CLT,0.0
cat__ROUTE_LAS-CMH,0.0
cat__ROUTE_LAS-COS,0.0
cat__ROUTE_LAS-CVG,0.0
cat__ROUTE_LAS-DAL,0.0
cat__ROUTE_LAS-DCA,0.0
cat__ROUTE_LAS-DEN,0.0
cat__ROUTE_LAS-DFW,0.0
cat__ROUTE_LAS-DSM,0.0
cat__ROUTE_LAS-DTW,0.0
cat__ROUTE_LAS-ELP,0.0
cat__ROUTE_LAS-EUG,0.0
cat__ROUTE_LAS-EWR,0.0
cat__ROUTE_LAS-FAR,0.0
cat__ROUTE_LAS-FAT,0.0
cat__ROUTE_LAS-FCA,0.0
cat__ROUTE_LAS-FLL,0.0
cat__ROUTE_LAS-FNT,0.0
cat__ROUTE_LAS-FSD,0.0
cat__ROUTE_LAS-FWA,0.0
cat__ROUTE_LAS-GEG,0.0
cat__ROUTE_LAS-GFK,0.0
cat__ROUTE_LAS-GJT,0.0
cat__ROUTE_LAS-GRI,0.0
cat__ROUTE_LAS-GRR,0.0
cat__ROUTE_LAS-GTF,0.0
cat__ROUTE_LAS-HNL,0.0
cat__ROUTE_LAS-HOU,0.0
cat__ROUTE_LAS-IAD,0.0
cat__ROUTE_LAS-IAH,0.0
cat__ROUTE_LAS-ICT,0.0
cat__ROUTE_LAS-IDA,0.0
cat__ROUTE_LAS-IND,0.0
cat__ROUTE_LAS-JFK,0.0
cat__ROUTE_LAS-KOA,0.0
cat__ROUTE_LAS-LAX,0.0
cat__ROUTE_LAS-LBB,0.0
cat__ROUTE_LAS-LEX,0.0
cat__ROUTE_LAS-LGB,0.0
cat__ROUTE_LAS-LIH,0.0
cat__ROUTE_LAS-LIT,0.0
cat__ROUTE_LAS-LRD,0.0
cat__ROUTE_LAS-MAF,0.0
cat__ROUTE_LAS-MCI,0.0
cat__ROUTE_LAS-MCO,0.0
cat__ROUTE_LAS-MDW,0.0
cat__ROUTE_LAS-MEM,0.0
cat__ROUTE_LAS-MFE,0.0
cat__ROUTE_LAS-MFR,0.0
cat__ROUTE_LAS-MIA,0.0
cat__ROUTE_LAS-MKE,0.0
cat__ROUTE_LAS-MLI,0.0
cat__ROUTE_LAS-MOT,0.0
cat__ROUTE_LAS-MRY,0.0
cat__ROUTE_LAS-MSO,0.0
cat__ROUTE_LAS-MSP,0.0
cat__ROUTE_LAS-MSY,0.0
cat__ROUTE_LAS-OAK,0.0
cat__ROUTE_LAS-OGG,0.0
cat__ROUTE_LAS-OKC,0.0
cat__ROUTE_LAS-OMA,0.0
cat__ROUTE_LAS-ONT,0.0
cat__ROUTE_LAS-ORD,0.0
cat__ROUTE_LAS-PAE,0.0
cat__ROUTE_LAS-PDX,0.0
cat__ROUTE_LAS-PHL,0.0
cat__ROUTE_LAS-PHX,0.0
cat__ROUTE_LAS-PIA,0.0
cat__ROUTE_LAS-PIT,0.0
cat__ROUTE_LAS-PSC,0.0
cat__ROUTE_LAS-PSP,0.0
cat__ROUTE_LAS-PVU,0.0
cat__ROUTE_LAS-RAP,0.0
cat__ROUTE_LAS-RDU,0.0
cat__ROUTE_LAS-RFD,0.0
cat__ROUTE_LAS-RNO,0.0
cat__ROUTE_LAS-ROC,0.0
cat__ROUTE_LAS-SAN,0.0
cat__ROUTE_LAS-SAT,0.0
cat__ROUTE_LAS-SBA,0.0
cat__ROUTE_LAS-SBN,0.0
cat__ROUTE_LAS-SBP,0.0
cat__ROUTE_LAS-SCK,0.0
cat__ROUTE_LAS-SDF,0.0
cat__ROUTE_LAS-SEA,0.0
cat__ROUTE_LAS-SFO,0.0
cat__ROUTE_LAS-SGF,0.0
cat__ROUTE_LAS-SHV,0.0
cat__ROUTE_LAS-SJC,0.0
cat__ROUTE_LAS-SLC,0.0
cat__ROUTE_LAS-SMF,0.0
cat__ROUTE_LAS-SMX,0.0
cat__ROUTE_LAS-SNA,0.0
cat__ROUTE_LAS-STL,0.0
cat__ROUTE_LAS-STS,0.0
cat__ROUTE_LAS-TPA,0.0
cat__ROUTE_LAS-TUL,0.0
cat__ROUTE_LAS-TUS,0.0
cat__ROUTE_LAS-TYS,0.0
cat__ROUTE_LAS-VPS,0.0
cat__ROUTE_LAS-XNA,0.0
cat__ROUTE_LAW-DFW,0.0
cat__ROUTE_LAX-ABQ,0.0
cat__ROUTE_LAX-ACV,0.0
cat__ROUTE_LAX-ANC,0.0
cat__ROUTE_LAX-ASE,0.0
cat__ROUTE_LAX-ATL,0.0
cat__ROUTE_LAX-AUS,0.0
cat__ROUTE_LAX-BLI,0.0
cat__ROUTE_LAX-BNA,0.0
cat__ROUTE_LAX-BOI,0.0
cat__ROUTE_LAX-BOS,0.0
cat__ROUTE_LAX-BUF,0.0
cat__ROUTE_LAX-BWI,0.0
cat__ROUTE_LAX-BZN,0.0
cat__ROUTE_LAX-CLE,0.0
cat__ROUTE_LAX-CLT,0.0
cat__ROUTE_LAX-CMH,0.0
cat__ROUTE_LAX-CVG,0.0
cat__ROUTE_LAX-DAL,0.0
cat__ROUTE_LAX-DCA,0.0
cat__ROUTE_LAX-DEN,0.0
cat__ROUTE_LAX-DFW,0.0
cat__ROUTE_LAX-DTW,0.0
cat__ROUTE_LAX-EGE,0.0
cat__ROUTE_LAX-ELP,0.0
cat__ROUTE_LAX-EUG,0.0
cat__ROUTE_LAX-EWR,0.0
cat__ROUTE_LAX-FAT,0.0
cat__ROUTE_LAX-FCA,0.0
cat__ROUTE_LAX-FLG,0.0
cat__ROUTE_LAX-FLL,0.0
cat__ROUTE_LAX-GEG,0.0
cat__ROUTE_LAX-HDN,0.0
cat__ROUTE_LAX-HNL,0.0
cat__ROUTE_LAX-HOU,0.0
cat__ROUTE_LAX-IAD,0.0
cat__ROUTE_LAX-IAH,0.0
cat__ROUTE_LAX-IND,0.0
cat__ROUTE_LAX-JAC,0.0
cat__ROUTE_LAX-JFK,0.0
cat__ROUTE_LAX-KOA,0.0
cat__ROUTE_LAX-LAS,0.0
cat__ROUTE_LAX-LIH,0.0
cat__ROUTE_LAX-MCI,0.0
cat__ROUTE_LAX-MCO,0.0
cat__ROUTE_LAX-MDW,0.0
cat__ROUTE_LAX-MEM,0.0
cat__ROUTE_LAX-MIA,0.0
cat__ROUTE_LAX-MRY,0.0
cat__ROUTE_LAX-MSP,0.0
cat__ROUTE_LAX-MSY,0.0
cat__ROUTE_LAX-MTJ,0.0
cat__ROUTE_LAX-OAK,0.0
cat__ROUTE_LAX-OGG,0.0
cat__ROUTE_LAX-OKC,0.0
cat__ROUTE_LAX-OMA,0.0
cat__ROUTE_LAX-ORD,0.0
cat__ROUTE_LAX-PBI,0.0
cat__ROUTE_LAX-PDX,0.0
cat__ROUTE_LAX-PHL,0.0
cat__ROUTE_LAX-PHX,0.0
cat__ROUTE_LAX-PRC,0.0
cat__ROUTE_LAX-PSC,0.0
cat__ROUTE_LAX-PSP,0.0
cat__ROUTE_LAX-RDD,0.0
cat__ROUTE_LAX-RDM,0.0
cat__ROUTE_LAX-RDU,0.0
cat__ROUTE_LAX-RNO,0.0
cat__ROUTE_LAX-RSW,0.0
cat__ROUTE_LAX-SAN,0.0
cat__ROUTE_LAX-SAT,0.0
cat__ROUTE_LAX-SBA,0.0
cat__ROUTE_LAX-SBP,0.0
cat__ROUTE_LAX-SEA,0.0
cat__ROUTE_LAX-SFO,0.0
cat__ROUTE_LAX-SGF,0.0
cat__ROUTE_LAX-SGU,0.0
cat__ROUTE_LAX-SJC,0.0
cat__ROUTE_LAX-SLC,0.0
cat__ROUTE_LAX-SMF,0.0
cat__ROUTE_LAX-STL,0.0
cat__ROUTE_LAX-STS,0.0
cat__ROUTE_LAX-SUN,0.0
cat__ROUTE_LAX-TPA,0.0
cat__ROUTE_LAX-TUL,0.0
cat__ROUTE_LAX-TUS,0.0
cat__ROUTE_LAX-XNA,0.0
cat__ROUTE_LBB-AUS,0.0
cat__ROUTE_LBB-DAL,0.0
cat__ROUTE_LBB-DEN,0.0
cat__ROUTE_LBB-DFW,0.0
cat__ROUTE_LBB-HOU,0.0
cat__ROUTE_LBB-LAS,0.0
cat__ROUTE_LBB-PHX,0.0
cat__ROUTE_LBE-MCO,0.0
cat__ROUTE_LBF-DEN,0.0
cat__ROUTE_LBL-DEN,0.0
cat__ROUTE_LCH-DFW,0.0
cat__ROUTE_LCK-FLL,0.0
cat__ROUTE_LCK-PGD,0.0
cat__ROUTE_LCK-PIE,0.0
cat__ROUTE_LCK-SAV,0.0
cat__ROUTE_LCK-SFB,0.0
cat__ROUTE_LCK-SRQ,0.0
cat__ROUTE_LEX-ATL,0.0
cat__ROUTE_LEX-CLT,0.0
cat__ROUTE_LEX-DCA,0.0
cat__ROUTE_LEX-DEN,0.0
cat__ROUTE_LEX-DFW,0.0
cat__ROUTE_LEX-DTW,0.0
cat__ROUTE_LEX-FLL,0.0
cat__ROUTE_LEX-LAS,0.0
cat__ROUTE_LEX-MIA,0.0
cat__ROUTE_LEX-ORD,0.0
cat__ROUTE_LEX-PGD,0.0
cat__ROUTE_LEX-PIE,0.0
cat__ROUTE_LEX-SFB,0.0
cat__ROUTE_LFT-CLT,0.0
cat__ROUTE_LFT-DFW,0.0
cat__ROUTE_LFT-IAH,0.0
cat__ROUTE_LGA-ATL,0.0
cat__ROUTE_LGA-AVL,0.0
cat__ROUTE_LGA-BNA,0.0
cat__ROUTE_LGA-BOS,0.0
cat__ROUTE_LGA-BTV,0.0
cat__ROUTE_LGA-BUF,0.0
cat__ROUTE_LGA-CAE,0.0
cat__ROUTE_LGA-CHO,0.0
cat__ROUTE_LGA-CHS,0.0
cat__ROUTE_LGA-CLE,0.0
cat__ROUTE_LGA-CLT,0.0
cat__ROUTE_LGA-CMH,0.0
cat__ROUTE_LGA-CVG,0.0
cat__ROUTE_LGA-DAL,0.0
cat__ROUTE_LGA-DAY,0.0
cat__ROUTE_LGA-DCA,0.0
cat__ROUTE_LGA-DEN,0.0
cat__ROUTE_LGA-DFW,0.0
cat__ROUTE_LGA-DSM,0.0
cat__ROUTE_LGA-DTW,0.0
cat__ROUTE_LGA-EYW,0.0
cat__ROUTE_LGA-FLL,0.0
cat__ROUTE_LGA-GRR,0.0
cat__ROUTE_LGA-GSO,0.0
cat__ROUTE_LGA-GSP,0.0
cat__ROUTE_LGA-HOU,0.0
cat__ROUTE_LGA-IAD,0.0
cat__ROUTE_LGA-IAH,0.0
cat__ROUTE_LGA-ILM,0.0
cat__ROUTE_LGA-IND,0.0
cat__ROUTE_LGA-JAX,0.0
cat__ROUTE_LGA-LIT,0.0
cat__ROUTE_LGA-MCI,0.0
cat__ROUTE_LGA-MCO,0.0
cat__ROUTE_LGA-MDW,0.0
cat__ROUTE_LGA-MEM,0.0
cat__ROUTE_LGA-MIA,0.0
cat__ROUTE_LGA-MKE,0.0
cat__ROUTE_LGA-MSN,0.0
cat__ROUTE_LGA-MSP,0.0
cat__ROUTE_LGA-MSY,0.0
cat__ROUTE_LGA-MYR,0.0
cat__ROUTE_LGA-OKC,0.0
cat__ROUTE_LGA-OMA,0.0
cat__ROUTE_LGA-ORD,0.0
cat__ROUTE_LGA-ORF,0.0
cat__ROUTE_LGA-PBI,0.0
cat__ROUTE_LGA-PHL,0.0
cat__ROUTE_LGA-PIT,0.0
cat__ROUTE_LGA-PWM,0.0
cat__ROUTE_LGA-RDU,0.0
cat__ROUTE_LGA-RIC,0.0
cat__ROUTE_LGA-ROA,0.0
cat__ROUTE_LGA-ROC,0.0
cat__ROUTE_LGA-RSW,0.0
cat__ROUTE_LGA-SAV,0.0
cat__ROUTE_LGA-SDF,0.0
cat__ROUTE_LGA-SLC,0.0
cat__ROUTE_LGA-SRQ,0.0
cat__ROUTE_LGA-STL,0.0
cat__ROUTE_LGA-SYR,0.0
cat__ROUTE_LGA-TPA,0.0
cat__ROUTE_LGA-TUL,0.0
cat__ROUTE_LGA-TYS,0.0
cat__ROUTE_LGA-XNA,0.0
cat__ROUTE_LGB-ABQ,0.0
cat__ROUTE_LGB-AUS,0.0
cat__ROUTE_LGB-BNA,0.0
cat__ROUTE_LGB-DAL,0.0
cat__ROUTE_LGB-DEN,0.0
cat__ROUTE_LGB-ELP,0.0
cat__ROUTE_LGB-HNL,0.0
cat__ROUTE_LGB-HOU,0.0
cat__ROUTE_LGB-LAS,0.0
cat__ROUTE_LGB-MCI,0.0
cat__ROUTE_LGB-MDW,0.0
cat__ROUTE_LGB-OAK,0.0
cat__ROUTE_LGB-OGG,0.0
cat__ROUTE_LGB-PHX,0.0
cat__ROUTE_LGB-RNO,0.0
cat__ROUTE_LGB-SJC,0.0
cat__ROUTE_LGB-SLC,0.0
cat__ROUTE_LGB-SMF,0.0
cat__ROUTE_LGB-STL,0.0
cat__ROUTE_LIH-DEN,0.0
cat__ROUTE_LIH-HNL,0.0
cat__ROUTE_LIH-KOA,0.0
cat__ROUTE_LIH-LAS,0.0
cat__ROUTE_LIH-LAX,0.0
cat__ROUTE_LIH-OAK,0.0
cat__ROUTE_LIH-OGG,0.0
cat__ROUTE_LIH-PDX,0.0
cat__ROUTE_LIH-PHX,0.0
cat__ROUTE_LIH-SAN,0.0
cat__ROUTE_LIH-SEA,0.0
cat__ROUTE_LIH-SFO,0.0
cat__ROUTE_LIH-SJC,0.0
cat__ROUTE_LIH-SMF,0.0
cat__ROUTE_LIT-ATL,0.0
cat__ROUTE_LIT-CLT,0.0
cat__ROUTE_LIT-DAL,0.0
cat__ROUTE_LIT-DCA,0.0
cat__ROUTE_LIT-DEN,0.0
cat__ROUTE_LIT-DFW,0.0
cat__ROUTE_LIT-IAH,0.0
cat__ROUTE_LIT-LAS,0.0
cat__ROUTE_LIT-LGA,0.0
cat__ROUTE_LIT-MIA,0.0
cat__ROUTE_LIT-ORD,0.0
cat__ROUTE_LIT-PHX,0.0
cat__ROUTE_LIT-SFB,0.0
cat__ROUTE_LIT-STL,0.0
cat__ROUTE_LNK-DEN,0.0
cat__ROUTE_LNK-ORD,0.0
cat__ROUTE_LRD-DFW,0.0
cat__ROUTE_LRD-LAS,0.0
cat__ROUTE_LSE-ORD,0.0
cat__ROUTE_LWS-DEN,0.0
cat__ROUTE_LWS-SEA,0.0
cat__ROUTE_LWS-SLC,0.0
cat__ROUTE_MAF-AUS,0.0
cat__ROUTE_MAF-DAL,0.0
cat__ROUTE_MAF-DEN,0.0
cat__ROUTE_MAF-DFW,0.0
cat__ROUTE_MAF-HOU,0.0
cat__ROUTE_MAF-IAH,0.0
cat__ROUTE_MAF-LAS,0.0
cat__ROUTE_MAF-PHX,0.0
cat__ROUTE_MBS-DTW,0.0
cat__ROUTE_MBS-ORD,0.0
cat__ROUTE_MCI-ABQ,0.0
cat__ROUTE_MCI-ATL,0.0
cat__ROUTE_MCI-AUS,0.0
cat__ROUTE_MCI-BNA,0.0
cat__ROUTE_MCI-BOS,0.0
cat__ROUTE_MCI-BUR,0.0
cat__ROUTE_MCI-BWI,0.0
cat__ROUTE_MCI-CLT,0.0
cat__ROUTE_MCI-DAL,0.0
cat__ROUTE_MCI-DCA,0.0
cat__ROUTE_MCI-DEN,0.0
cat__ROUTE_MCI-DFW,0.0
cat__ROUTE_MCI-DTW,0.0
cat__ROUTE_MCI-FLL,0.0
cat__ROUTE_MCI-HOU,0.0
cat__ROUTE_MCI-IAH,0.0
cat__ROUTE_MCI-IND,0.0
cat__ROUTE_MCI-JFK,0.0
cat__ROUTE_MCI-LAS,0.0
cat__ROUTE_MCI-LAX,0.0
cat__ROUTE_MCI-LGA,0.0
cat__ROUTE_MCI-LGB,0.0
cat__ROUTE_MCI-MCO,0.0
cat__ROUTE_MCI-MDW,0.0
cat__ROUTE_MCI-MIA,0.0
cat__ROUTE_MCI-MKE,0.0
cat__ROUTE_MCI-MSP,0.0
cat__ROUTE_MCI-MSY,0.0
cat__ROUTE_MCI-OAK,0.0
cat__ROUTE_MCI-ORD,0.0
cat__ROUTE_MCI-PGD,0.0
cat__ROUTE_MCI-PHL,0.0
cat__ROUTE_MCI-PHX,0.0
cat__ROUTE_MCI-RSW,0.0
cat__ROUTE_MCI-SAN,0.0
cat__ROUTE_MCI-SAT,0.0
cat__ROUTE_MCI-SEA,0.0
cat__ROUTE_MCI-SFO,0.0
cat__ROUTE_MCI-SLC,0.0
cat__ROUTE_MCI-SMF,0.0
cat__ROUTE_MCI-STL,0.0
cat__ROUTE_MCI-TPA,0.0
cat__ROUTE_MCO-ABE,0.0
cat__ROUTE_MCO-ABQ,0.0
cat__ROUTE_MCO-ACY,0.0
cat__ROUTE_MCO-ALB,0.0
cat__ROUTE_MCO-ATL,0.0
cat__ROUTE_MCO-AUS,0.0
cat__ROUTE_MCO-AVL,0.0
cat__ROUTE_MCO-BDL,0.0
cat__ROUTE_MCO-BHM,0.0
cat__ROUTE_MCO-BNA,0.0
cat__ROUTE_MCO-BOI,0.0
cat__ROUTE_MCO-BOS,0.0
cat__ROUTE_MCO-BQN,0.0
cat__ROUTE_MCO-BTV,0.0
cat__ROUTE_MCO-BUF,0.0
cat__ROUTE_MCO-BWI,0.0
cat__ROUTE_MCO-CLE,0.0
cat__ROUTE_MCO-CLT,0.0
cat__ROUTE_MCO-CMH,0.0
cat__ROUTE_MCO-CVG,0.0
cat__ROUTE_MCO-DAL,0.0
cat__ROUTE_MCO-DCA,0.0
cat__ROUTE_MCO-DEN,0.0
cat__ROUTE_MCO-DFW,0.0
cat__ROUTE_MCO-DSM,0.0
cat__ROUTE_MCO-DTW,0.0
cat__ROUTE_MCO-ELP,0.0
cat__ROUTE_MCO-EWR,0.0
cat__ROUTE_MCO-FLL,0.0
cat__ROUTE_MCO-GRR,0.0
cat__ROUTE_MCO-HOU,0.0
cat__ROUTE_MCO-HPN,0.0
cat__ROUTE_MCO-IAD,0.0
cat__ROUTE_MCO-IAH,0.0
cat__ROUTE_MCO-IND,0.0
cat__ROUTE_MCO-ISP,0.0
cat__ROUTE_MCO-JAN,0.0
cat__ROUTE_MCO-JFK,0.0
cat__ROUTE_MCO-LAS,0.0
cat__ROUTE_MCO-LAX,0.0
cat__ROUTE_MCO-LBE,0.0
cat__ROUTE_MCO-LGA,0.0
cat__ROUTE_MCO-MCI,0.0
cat__ROUTE_MCO-MDT,0.0
cat__ROUTE_MCO-MDW,0.0
cat__ROUTE_MCO-MEM,0.0
cat__ROUTE_MCO-MHT,0.0
cat__ROUTE_MCO-MIA,0.0
cat__ROUTE_MCO-MKE,0.0
cat__ROUTE_MCO-MSP,0.0
cat__ROUTE_MCO-MSY,0.0
cat__ROUTE_MCO-MYR,0.0
cat__ROUTE_MCO-OKC,0.0
cat__ROUTE_MCO-OMA,0.0
cat__ROUTE_MCO-ORD,0.0
cat__ROUTE_MCO-ORF,0.0
cat__ROUTE_MCO-ORH,0.0
cat__ROUTE_MCO-PDX,0.0
cat__ROUTE_MCO-PHL,0.0
cat__ROUTE_MCO-PHX,0.0
cat__ROUTE_MCO-PIT,0.0
cat__ROUTE_MCO-PNS,0.0
cat__ROUTE_MCO-PSE,0.0
cat__ROUTE_MCO-PVD,0.0
cat__ROUTE_MCO-PWM,0.0
cat__ROUTE_MCO-RDU,0.0
cat__ROUTE_MCO-RIC,0.0
cat__ROUTE_MCO-ROC,0.0
cat__ROUTE_MCO-SAN,0.0
cat__ROUTE_MCO-SAT,0.0
cat__ROUTE_MCO-SDF,0.0
cat__ROUTE_MCO-SEA,0.0
cat__ROUTE_MCO-SFO,0.0
cat__ROUTE_MCO-SJU,0.0
cat__ROUTE_MCO-SLC,0.0
cat__ROUTE_MCO-SMF,0.0
cat__ROUTE_MCO-STL,0.0
cat__ROUTE_MCO-STT,0.0
cat__ROUTE_MCO-SYR,0.0
cat__ROUTE_MCO-TTN,0.0
cat__ROUTE_MCO-TYS,0.0
cat__ROUTE_MCW-ORD,0.0
cat__ROUTE_MDT-ATL,0.0
cat__ROUTE_MDT-BNA,0.0
cat__ROUTE_MDT-CLT,0.0
cat__ROUTE_MDT-DFW,0.0
cat__ROUTE_MDT-DTW,0.0
cat__ROUTE_MDT-JAX,0.0
cat__ROUTE_MDT-MCO,0.0
cat__ROUTE_MDT-MIA,0.0
cat__ROUTE_MDT-ORD,0.0
cat__ROUTE_MDT-PGD,0.0
cat__ROUTE_MDT-PIE,0.0
cat__ROUTE_MDT-SFB,0.0
cat__ROUTE_MDT-SRQ,0.0
cat__ROUTE_MDW-ABQ,0.0
cat__ROUTE_MDW-ALB,0.0
cat__ROUTE_MDW-ATL,0.0
cat__ROUTE_MDW-AUS,0.0
cat__ROUTE_MDW-BDL,0.0
cat__ROUTE_MDW-BHM,0.0
cat__ROUTE_MDW-BNA,0.0
cat__ROUTE_MDW-BOS,0.0
cat__ROUTE_MDW-BUF,0.0
cat__ROUTE_MDW-BUR,0.0
cat__ROUTE_MDW-BWI,0.0
cat__ROUTE_MDW-CHS,0.0
cat__ROUTE_MDW-CLE,0.0
cat__ROUTE_MDW-CLT,0.0
cat__ROUTE_MDW-CMH,0.0
cat__ROUTE_MDW-COS,0.0
cat__ROUTE_MDW-CVG,0.0
cat__ROUTE_MDW-DAL,0.0
cat__ROUTE_MDW-DCA,0.0
cat__ROUTE_MDW-DEN,0.0
cat__ROUTE_MDW-DFW,0.0
cat__ROUTE_MDW-DTW,0.0
cat__ROUTE_MDW-ELP,0.0
cat__ROUTE_MDW-FLL,0.0
cat__ROUTE_MDW-GRR,0.0
cat__ROUTE_MDW-HOU,0.0
cat__ROUTE_MDW-IAH,0.0
cat__ROUTE_MDW-JAX,0.0
cat__ROUTE_MDW-LAS,0.0
cat__ROUTE_MDW-LAX,0.0
cat__ROUTE_MDW-LGA,0.0
cat__ROUTE_MDW-LGB,0.0
cat__ROUTE_MDW-MCI,0.0
cat__ROUTE_MDW-MCO,0.0
cat__ROUTE_MDW-MEM,0.0
cat__ROUTE_MDW-MHT,0.0
cat__ROUTE_MDW-MIA,0.0
cat__ROUTE_MDW-MSP,0.0
cat__ROUTE_MDW-MSY,0.0
cat__ROUTE_MDW-MYR,0.0
cat__ROUTE_MDW-OAK,0.0
cat__ROUTE_MDW-OKC,0.0
cat__ROUTE_MDW-OMA,0.0
cat__ROUTE_MDW-ONT,0.0
cat__ROUTE_MDW-ORF,0.0
cat__ROUTE_MDW-PDX,0.0
cat__ROUTE_MDW-PGD,0.0
cat__ROUTE_MDW-PHL,0.0
cat__ROUTE_MDW-PHX,0.0
cat__ROUTE_MDW-PIT,0.0
cat__ROUTE_MDW-PVD,0.0
cat__ROUTE_MDW-RDU,0.0
cat__ROUTE_MDW-RIC,0.0
cat__ROUTE_MDW-RSW,0.0
cat__ROUTE_MDW-SAN,0.0
cat__ROUTE_MDW-SAT,0.0
cat__ROUTE_MDW-SAV,0.0
cat__ROUTE_MDW-SDF,0.0
cat__ROUTE_MDW-SEA,0.0
cat__ROUTE_MDW-SFO,0.0
cat__ROUTE_MDW-SJC,0.0
cat__ROUTE_MDW-SJU,0.0
cat__ROUTE_MDW-SLC,0.0
cat__ROUTE_MDW-SMF,0.0
cat__ROUTE_MDW-SRQ,0.0
cat__ROUTE_MDW-STL,0.0
cat__ROUTE_MDW-TPA,0.0
cat__ROUTE_MDW-TUL,0.0
cat__ROUTE_MDW-TUS,0.0
cat__ROUTE_MDW-VPS,0.0
cat__ROUTE_MEI-IAH,0.0
cat__ROUTE_MEM-ATL,0.0
cat__ROUTE_MEM-BOS,0.0
cat__ROUTE_MEM-BWI,0.0
cat__ROUTE_MEM-CLT,0.0
cat__ROUTE_MEM-DAL,0.0
cat__ROUTE_MEM-DCA,0.0
cat__ROUTE_MEM-DEN,0.0
cat__ROUTE_MEM-DFW,0.0
cat__ROUTE_MEM-DTW,0.0
cat__ROUTE_MEM-FLL,0.0
cat__ROUTE_MEM-HOU,0.0
cat__ROUTE_MEM-IAH,0.0
cat__ROUTE_MEM-LAS,0.0
cat__ROUTE_MEM-LAX,0.0
cat__ROUTE_MEM-LGA,0.0
cat__ROUTE_MEM-MCO,0.0
cat__ROUTE_MEM-MDW,0.0
cat__ROUTE_MEM-MIA,0.0
cat__ROUTE_MEM-MSP,0.0
cat__ROUTE_MEM-ORD,0.0
cat__ROUTE_MEM-PHL,0.0
cat__ROUTE_MEM-PHX,0.0
cat__ROUTE_MEM-PIE,0.0
cat__ROUTE_MEM-SFB,0.0
cat__ROUTE_MEM-SLC,0.0
cat__ROUTE_MEM-TPA,0.0
cat__ROUTE_MFE-AUS,0.0
cat__ROUTE_MFE-DFW,0.0
cat__ROUTE_MFE-IAH,0.0
cat__ROUTE_MFE-LAS,0.0
cat__ROUTE_MFE-PIE,0.0
cat__ROUTE_MFE-SFB,0.0
cat__ROUTE_MFR-DEN,0.0
cat__ROUTE_MFR-LAS,0.0
cat__ROUTE_MFR-PHX,0.0
cat__ROUTE_MFR-SEA,0.0
cat__ROUTE_MFR-SFO,0.0
cat__ROUTE_MFR-SLC,0.0
cat__ROUTE_MFR-SNA,0.0
cat__ROUTE_MGM-ATL,0.0
cat__ROUTE_MGM-DCA,0.0
cat__ROUTE_MGM-DFW,0.0
cat__ROUTE_MGW-IAD,0.0
cat__ROUTE_MGW-ORD,0.0
cat__ROUTE_MHK-DFW,0.0
cat__ROUTE_MHT-BWI,0.0
cat__ROUTE_MHT-CLT,0.0
cat__ROUTE_MHT-DCA,0.0
cat__ROUTE_MHT-FLL,0.0
cat__ROUTE_MHT-MCO,0.0
cat__ROUTE_MHT-MDW,0.0
cat__ROUTE_MHT-RSW,0.0
cat__ROUTE_MHT-TPA,0.0
cat__ROUTE_MIA-ALB,0.0
cat__ROUTE_MIA-ATL,0.0
cat__ROUTE_MIA-AUS,0.0
cat__ROUTE_MIA-BDL,0.0
cat__ROUTE_MIA-BHM,0.0
cat__ROUTE_MIA-BNA,0.0
cat__ROUTE_MIA-BOS,0.0
cat__ROUTE_MIA-BUF,0.0
cat__ROUTE_MIA-BWI,0.0
cat__ROUTE_MIA-CHS,0.0
cat__ROUTE_MIA-CID,0.0
cat__ROUTE_MIA-CLE,0.0
cat__ROUTE_MIA-CLT,0.0
cat__ROUTE_MIA-CMH,0.0
cat__ROUTE_MIA-CVG,0.0
cat__ROUTE_MIA-DAL,0.0
cat__ROUTE_MIA-DCA,0.0
cat__ROUTE_MIA-DEN,0.0
cat__ROUTE_MIA-DFW,0.0
cat__ROUTE_MIA-DSM,0.0
cat__ROUTE_MIA-DTW,0.0
cat__ROUTE_MIA-EGE,0.0
cat__ROUTE_MIA-EWR,0.0
cat__ROUTE_MIA-EYW,0.0
cat__ROUTE_MIA-GNV,0.0
cat__ROUTE_MIA-GRR,0.0
cat__ROUTE_MIA-GSO,0.0
cat__ROUTE_MIA-GSP,0.0
cat__ROUTE_MIA-HOU,0.0
cat__ROUTE_MIA-HPN,0.0
cat__ROUTE_MIA-HSV,0.0
cat__ROUTE_MIA-IAD,0.0
cat__ROUTE_MIA-IAH,0.0
cat__ROUTE_MIA-ILM,0.0
cat__ROUTE_MIA-IND,0.0
cat__ROUTE_MIA-ISP,0.0
cat__ROUTE_MIA-JAX,0.0
cat__ROUTE_MIA-JFK,0.0
cat__ROUTE_MIA-LAS,0.0
cat__ROUTE_MIA-LAX,0.0
cat__ROUTE_MIA-LEX,0.0
cat__ROUTE_MIA-LGA,0.0
cat__ROUTE_MIA-LIT,0.0
cat__ROUTE_MIA-MCI,0.0
cat__ROUTE_MIA-MCO,0.0
cat__ROUTE_MIA-MDT,0.0
cat__ROUTE_MIA-MDW,0.0
cat__ROUTE_MIA-MEM,0.0
cat__ROUTE_MIA-MKE,0.0
cat__ROUTE_MIA-MSN,0.0
cat__ROUTE_MIA-MSP,0.0
cat__ROUTE_MIA-MSY,0.0
cat__ROUTE_MIA-OKC,0.0
cat__ROUTE_MIA-OMA,0.0
cat__ROUTE_MIA-ORD,0.0
cat__ROUTE_MIA-ORF,0.0
cat__ROUTE_MIA-PDX,0.0
cat__ROUTE_MIA-PHL,0.0
cat__ROUTE_MIA-PHX,0.0
cat__ROUTE_MIA-PIT,0.0
cat__ROUTE_MIA-PNS,0.0
cat__ROUTE_MIA-RDU,0.0
cat__ROUTE_MIA-RIC,0.0
cat__ROUTE_MIA-ROC,0.0
cat__ROUTE_MIA-SAN,0.0
cat__ROUTE_MIA-SAT,0.0
cat__ROUTE_MIA-SAV,0.0
cat__ROUTE_MIA-SDF,0.0
cat__ROUTE_MIA-SEA,0.0
cat__ROUTE_MIA-SFO,0.0
cat__ROUTE_MIA-SJU,0.0
cat__ROUTE_MIA-SLC,0.0
cat__ROUTE_MIA-SMF,0.0
cat__ROUTE_MIA-STL,0.0
cat__ROUTE_MIA-STT,0.0
cat__ROUTE_MIA-STX,0.0
cat__ROUTE_MIA-SYR,0.0
cat__ROUTE_MIA-TLH,0.0
cat__ROUTE_MIA-TPA,0.0
cat__ROUTE_MIA-TUL,0.0
cat__ROUTE_MIA-TYS,0.0
cat__ROUTE_MIA-XNA,0.0
cat__ROUTE_MKE-ATL,0.0
cat__ROUTE_MKE-BNA,0.0
cat__ROUTE_MKE-BOS,0.0
cat__ROUTE_MKE-BWI,0.0
cat__ROUTE_MKE-CLT,0.0
cat__ROUTE_MKE-DAL,0.0
cat__ROUTE_MKE-DCA,0.0
cat__ROUTE_MKE-DEN,0.0
cat__ROUTE_MKE-DFW,0.0
cat__ROUTE_MKE-DTW,0.0
cat__ROUTE_MKE-EWR,0.0
cat__ROUTE_MKE-FLL,0.0
cat__ROUTE_MKE-JFK,0.0
cat__ROUTE_MKE-LAS,0.0
cat__ROUTE_MKE-LGA,0.0
cat__ROUTE_MKE-MCI,0.0
cat__ROUTE_MKE-MCO,0.0
cat__ROUTE_MKE-MIA,0.0
cat__ROUTE_MKE-MSP,0.0
cat__ROUTE_MKE-ORD,0.0
cat__ROUTE_MKE-PHL,0.0
cat__ROUTE_MKE-PHX,0.0
cat__ROUTE_MKE-RSW,0.0
cat__ROUTE_MKE-SEA,0.0
cat__ROUTE_MKE-SLC,0.0
cat__ROUTE_MKE-STL,0.0
cat__ROUTE_MKE-TPA,0.0
cat__ROUTE_MLB-ABE,0.0
cat__ROUTE_MLB-ATL,0.0
cat__ROUTE_MLB-CLT,0.0
cat__ROUTE_MLB-CVG,0.0
cat__ROUTE_MLB-PIT,0.0
cat__ROUTE_MLI-AZA,0.0
cat__ROUTE_MLI-CLT,0.0
cat__ROUTE_MLI-DEN,0.0
cat__ROUTE_MLI-DFW,0.0
cat__ROUTE_MLI-LAS,0.0
cat__ROUTE_MLI-ORD,0.0
cat__ROUTE_MLI-PGD,0.0
cat__ROUTE_MLI-PIE,0.0
cat__ROUTE_MLI-SFB,0.0
cat__ROUTE_MLU-DFW,0.0
cat__ROUTE_MOB-ATL,0.0
cat__ROUTE_MOB-DFW,0.0
cat__ROUTE_MOT-AZA,0.0
cat__ROUTE_MOT-DEN,0.0
cat__ROUTE_MOT-LAS,0.0
cat__ROUTE_MOT-MSP,0.0
cat__ROUTE_MOT-SFB,0.0
cat__ROUTE_MQT-DTW,0.0
cat__ROUTE_MQT-MSP,0.0
cat__ROUTE_MQT-ORD,0.0
cat__ROUTE_MRY-DEN,0.0
cat__ROUTE_MRY-DFW,0.0
cat__ROUTE_MRY-LAS,0.0
cat__ROUTE_MRY-LAX,0.0
cat__ROUTE_MRY-PHX,0.0
cat__ROUTE_MRY-SAN,0.0
cat__ROUTE_MRY-SFO,0.0
cat__ROUTE_MSN-ATL,0.0
cat__ROUTE_MSN-CLT,0.0
cat__ROUTE_MSN-DCA,0.0
cat__ROUTE_MSN-DEN,0.0
cat__ROUTE_MSN-DFW,0.0
cat__ROUTE_MSN-DTW,0.0
cat__ROUTE_MSN-EWR,0.0
cat__ROUTE_MSN-LGA,0.0
cat__ROUTE_MSN-MIA,0.0
cat__ROUTE_MSN-MSP,0.0
cat__ROUTE_MSN-ORD,0.0
cat__ROUTE_MSN-PHX,0.0
cat__ROUTE_MSO-AZA,0.0
cat__ROUTE_MSO-DEN,0.0
cat__ROUTE_MSO-DFW,0.0
cat__ROUTE_MSO-LAS,0.0
cat__ROUTE_MSO-MSP,0.0
cat__ROUTE_MSO-SEA,0.0
cat__ROUTE_MSO-SLC,0.0
cat__ROUTE_MSP-ABQ,0.0
cat__ROUTE_MSP-ABR,0.0
cat__ROUTE_MSP-ANC,0.0
cat__ROUTE_MSP-ATL,0.0
cat__ROUTE_MSP-ATW,0.0
cat__ROUTE_MSP-AUS,0.0
cat__ROUTE_MSP-AZA,0.0
cat__ROUTE_MSP-BDL,0.0
cat__ROUTE_MSP-BIL,0.0
cat__ROUTE_MSP-BIS,0.0
cat__ROUTE_MSP-BJI,0.0
cat__ROUTE_MSP-BNA,0.0
cat__ROUTE_MSP-BOI,0.0
cat__ROUTE_MSP-BOS,0.0
cat__ROUTE_MSP-BRD,0.0
cat__ROUTE_MSP-BWI,0.0
cat__ROUTE_MSP-BZN,0.0
cat__ROUTE_MSP-CID,0.0
cat__ROUTE_MSP-CIU,0.0
cat__ROUTE_MSP-CLE,0.0
cat__ROUTE_MSP-CLT,0.0
cat__ROUTE_MSP-CMH,0.0
cat__ROUTE_MSP-CVG,0.0
cat__ROUTE_MSP-DAL,0.0
cat__ROUTE_MSP-DCA,0.0
cat__ROUTE_MSP-DEN,0.0
cat__ROUTE_MSP-DFW,0.0
cat__ROUTE_MSP-DLH,0.0
cat__ROUTE_MSP-DTW,0.0
cat__ROUTE_MSP-ESC,0.0
cat__ROUTE_MSP-EWR,0.0
cat__ROUTE_MSP-FAR,0.0
cat__ROUTE_MSP-FCA,0.0
cat__ROUTE_MSP-FLL,0.0
cat__ROUTE_MSP-FSD,0.0
cat__ROUTE_MSP-FWA,0.0
cat__ROUTE_MSP-GEG,0.0
cat__ROUTE_MSP-GFK,0.0
cat__ROUTE_MSP-GRB,0.0
cat__ROUTE_MSP-GRR,0.0
cat__ROUTE_MSP-GTF,0.0
cat__ROUTE_MSP-HDN,0.0
cat__ROUTE_MSP-HIB,0.0
cat__ROUTE_MSP-HNL,0.0
cat__ROUTE_MSP-HRL,0.0
cat__ROUTE_MSP-IAD,0.0
cat__ROUTE_MSP-IAH,0.0
cat__ROUTE_MSP-IMT,0.0
cat__ROUTE_MSP-IND,0.0
cat__ROUTE_MSP-INL,0.0
cat__ROUTE_MSP-JAC,0.0
cat__ROUTE_MSP-JAX,0.0
cat__ROUTE_MSP-JFK,0.0
cat__ROUTE_MSP-LAS,0.0
cat__ROUTE_MSP-LAX,0.0
cat__ROUTE_MSP-LGA,0.0
cat__ROUTE_MSP-MCI,0.0
cat__ROUTE_MSP-MCO,0.0
cat__ROUTE_MSP-MDW,0.0
cat__ROUTE_MSP-MEM,0.0
cat__ROUTE_MSP-MIA,0.0
cat__ROUTE_MSP-MKE,0.0
cat__ROUTE_MSP-MOT,0.0
cat__ROUTE_MSP-MQT,0.0
cat__ROUTE_MSP-MSN,0.0
cat__ROUTE_MSP-MSO,0.0
cat__ROUTE_MSP-MSY,0.0
cat__ROUTE_MSP-OKC,0.0
cat__ROUTE_MSP-OMA,0.0
cat__ROUTE_MSP-ORD,0.0
cat__ROUTE_MSP-PBI,0.0
cat__ROUTE_MSP-PDX,0.0
cat__ROUTE_MSP-PGD,0.0
cat__ROUTE_MSP-PHL,0.0
cat__ROUTE_MSP-PHX,0.0
cat__ROUTE_MSP-PIT,0.0
cat__ROUTE_MSP-PSC,0.0
cat__ROUTE_MSP-PSP,0.0
cat__ROUTE_MSP-RDU,0.0
cat__ROUTE_MSP-RHI,0.0
cat__ROUTE_MSP-RST,0.0
cat__ROUTE_MSP-RSW,0.0
cat__ROUTE_MSP-SAN,0.0
cat__ROUTE_MSP-SAT,0.0
cat__ROUTE_MSP-SBN,0.0
cat__ROUTE_MSP-SDF,0.0
cat__ROUTE_MSP-SEA,0.0
cat__ROUTE_MSP-SFO,0.0
cat__ROUTE_MSP-SJC,0.0
cat__ROUTE_MSP-SJU,0.0
cat__ROUTE_MSP-SLC,0.0
cat__ROUTE_MSP-SMF,0.0
cat__ROUTE_MSP-SNA,0.0
cat__ROUTE_MSP-SRQ,0.0
cat__ROUTE_MSP-STL,0.0
cat__ROUTE_MSP-SYR,0.0
cat__ROUTE_MSP-TPA,0.0
cat__ROUTE_MSP-TUS,0.0
cat__ROUTE_MSP-VPS,0.0
cat__ROUTE_MSP-XWA,0.0
cat__ROUTE_MSY-ATL,0.0
cat__ROUTE_MSY-AUS,0.0
cat__ROUTE_MSY-BNA,0.0
cat__ROUTE_MSY-BOS,0.0
cat__ROUTE_MSY-BUR,0.0
cat__ROUTE_MSY-BWI,0.0
cat__ROUTE_MSY-CLT,0.0
cat__ROUTE_MSY-CVG,0.0
cat__ROUTE_MSY-DAL,0.0
cat__ROUTE_MSY-DCA,0.0
cat__ROUTE_MSY-DEN,0.0
cat__ROUTE_MSY-DFW,0.0
cat__ROUTE_MSY-DTW,0.0
cat__ROUTE_MSY-EWR,0.0
cat__ROUTE_MSY-FLL,0.0
cat__ROUTE_MSY-HOU,0.0
cat__ROUTE_MSY-IAD,0.0
cat__ROUTE_MSY-IAH,0.0
cat__ROUTE_MSY-JFK,0.0
cat__ROUTE_MSY-LAS,0.0
cat__ROUTE_MSY-LAX,0.0
cat__ROUTE_MSY-LGA,0.0
cat__ROUTE_MSY-MCI,0.0
cat__ROUTE_MSY-MCO,0.0
cat__ROUTE_MSY-MDW,0.0
cat__ROUTE_MSY-MIA,0.0
cat__ROUTE_MSY-MSP,0.0
cat__ROUTE_MSY-OAK,0.0
cat__ROUTE_MSY-ORD,0.0
cat__ROUTE_MSY-PDX,0.0
cat__ROUTE_MSY-PHL,0.0
cat__ROUTE_MSY-PHX,0.0
cat__ROUTE_MSY-SAN,0.0
cat__ROUTE_MSY-SAT,0.0
cat__ROUTE_MSY-SEA,0.0
cat__ROUTE_MSY-SFO,0.0
cat__ROUTE_MSY-SJU,0.0
cat__ROUTE_MSY-SLC,0.0
cat__ROUTE_MSY-STL,0.0
cat__ROUTE_MSY-TPA,0.0
cat__ROUTE_MTJ-ATL,0.0
cat__ROUTE_MTJ-DAL,0.0
cat__ROUTE_MTJ-DEN,0.0
cat__ROUTE_MTJ-DFW,0.0
cat__ROUTE_MTJ-EWR,0.0
cat__ROUTE_MTJ-LAX,0.0
cat__ROUTE_MTJ-ORD,0.0
cat__ROUTE_MTJ-SFO,0.0
cat__ROUTE_MYR-ABE,0.0
cat__ROUTE_MYR-ALB,0.0
cat__ROUTE_MYR-ATL,0.0
cat__ROUTE_MYR-BNA,0.0
cat__ROUTE_MYR-BOS,0.0
cat__ROUTE_MYR-BWI,0.0
cat__ROUTE_MYR-CLT,0.0
cat__ROUTE_MYR-DCA,0.0
cat__ROUTE_MYR-DFW,0.0
cat__ROUTE_MYR-DTW,0.0
cat__ROUTE_MYR-EWR,0.0
cat__ROUTE_MYR-FLL,0.0
cat__ROUTE_MYR-LGA,0.0
cat__ROUTE_MYR-MCO,0.0
cat__ROUTE_MYR-MDW,0.0
cat__ROUTE_MYR-SWF,0.0
cat__ROUTE_OAJ-CLT,0.0
cat__ROUTE_OAK-ABQ,0.0
cat__ROUTE_OAK-AUS,0.0
cat__ROUTE_OAK-BLI,0.0
cat__ROUTE_OAK-BOI,0.0
cat__ROUTE_OAK-BUR,0.0
cat__ROUTE_OAK-BWI,0.0
cat__ROUTE_OAK-DAL,0.0
cat__ROUTE_OAK-DEN,0.0
cat__ROUTE_OAK-EUG,0.0
cat__ROUTE_OAK-GEG,0.0
cat__ROUTE_OAK-HNL,0.0
cat__ROUTE_OAK-HOU,0.0
cat__ROUTE_OAK-KOA,0.0
cat__ROUTE_OAK-LAS,0.0
cat__ROUTE_OAK-LAX,0.0
cat__ROUTE_OAK-LGB,0.0
cat__ROUTE_OAK-LIH,0.0
cat__ROUTE_OAK-MCI,0.0
cat__ROUTE_OAK-MDW,0.0
cat__ROUTE_OAK-MSY,0.0
cat__ROUTE_OAK-OGG,0.0
cat__ROUTE_OAK-ONT,0.0
cat__ROUTE_OAK-PDX,0.0
cat__ROUTE_OAK-PHX,0.0
cat__ROUTE_OAK-PSP,0.0
cat__ROUTE_OAK-RNO,0.0
cat__ROUTE_OAK-SAN,0.0
cat__ROUTE_OAK-SBA,0.0
cat__ROUTE_OAK-SEA,0.0
cat__ROUTE_OAK-SLC,0.0
cat__ROUTE_OAK-SNA,0.0
cat__ROUTE_OAK-STL,0.0
cat__ROUTE_OGG-ANC,0.0
cat__ROUTE_OGG-ATL,0.0
cat__ROUTE_OGG-DEN,0.0
cat__ROUTE_OGG-DFW,0.0
cat__ROUTE_OGG-EWR,0.0
cat__ROUTE_OGG-HNL,0.0
cat__ROUTE_OGG-ITO,0.0
cat__ROUTE_OGG-KOA,0.0
cat__ROUTE_OGG-LAS,0.0
cat__ROUTE_OGG-LAX,0.0
cat__ROUTE_OGG-LGB,0.0
cat__ROUTE_OGG-LIH,0.0
cat__ROUTE_OGG-OAK,0.0
cat__ROUTE_OGG-ORD,0.0
cat__ROUTE_OGG-PDX,0.0
cat__ROUTE_OGG-PHX,0.0
cat__ROUTE_OGG-SAN,0.0
cat__ROUTE_OGG-SEA,0.0
cat__ROUTE_OGG-SFO,0.0
cat__ROUTE_OGG-SJC,0.0
cat__ROUTE_OGG-SLC,0.0
cat__ROUTE_OGG-SMF,0.0
cat__ROUTE_OKC-ATL,0.0
cat__ROUTE_OKC-AUS,0.0
cat__ROUTE_OKC-BNA,0.0
cat__ROUTE_OKC-CLT,0.0
cat__ROUTE_OKC-DCA,0.0
cat__ROUTE_OKC-DEN,0.0
cat__ROUTE_OKC-DFW,0.0
cat__ROUTE_OKC-HOU,0.0
cat__ROUTE_OKC-IAH,0.0
cat__ROUTE_OKC-LAS,0.0
cat__ROUTE_OKC-LAX,0.0
cat__ROUTE_OKC-LGA,0.0
cat__ROUTE_OKC-MCO,0.0
cat__ROUTE_OKC-MDW,0.0
cat__ROUTE_OKC-MIA,0.0
cat__ROUTE_OKC-MSP,0.0
cat__ROUTE_OKC-ORD,0.0
cat__ROUTE_OKC-PHX,0.0
cat__ROUTE_OKC-SAT,0.0
cat__ROUTE_OKC-SEA,0.0
cat__ROUTE_OKC-SLC,0.0
cat__ROUTE_OKC-STL,0.0
cat__ROUTE_OMA-ATL,0.0
cat__ROUTE_OMA-AUS,0.0
cat__ROUTE_OMA-AZA,0.0
cat__ROUTE_OMA-BNA,0.0
cat__ROUTE_OMA-CLT,0.0
cat__ROUTE_OMA-DAL,0.0
cat__ROUTE_OMA-DCA,0.0
cat__ROUTE_OMA-DEN,0.0
cat__ROUTE_OMA-DFW,0.0
cat__ROUTE_OMA-DTW,0.0
cat__ROUTE_OMA-FLL,0.0
cat__ROUTE_OMA-HOU,0.0
cat__ROUTE_OMA-IAH,0.0
cat__ROUTE_OMA-LAS,0.0
cat__ROUTE_OMA-LAX,0.0
cat__ROUTE_OMA-LGA,0.0
cat__ROUTE_OMA-MCO,0.0
cat__ROUTE_OMA-MDW,0.0
cat__ROUTE_OMA-MIA,0.0
cat__ROUTE_OMA-MSP,0.0
cat__ROUTE_OMA-ORD,0.0
cat__ROUTE_OMA-PGD,0.0
cat__ROUTE_OMA-PHX,0.0
cat__ROUTE_OMA-PIE,0.0
cat__ROUTE_OMA-SEA,0.0
cat__ROUTE_OMA-SFB,0.0
cat__ROUTE_OMA-SFO,0.0
cat__ROUTE_OMA-SLC,0.0
cat__ROUTE_OMA-STL,0.0
cat__ROUTE_OMA-TPA,0.0
cat__ROUTE_OME-ANC,0.0
cat__ROUTE_ONT-ATL,0.0
cat__ROUTE_ONT-AUS,0.0
cat__ROUTE_ONT-BNA,0.0
cat__ROUTE_ONT-CLT,0.0
cat__ROUTE_ONT-DAL,0.0
cat__ROUTE_ONT-DEN,0.0
cat__ROUTE_ONT-DFW,0.0
cat__ROUTE_ONT-HNL,0.0
cat__ROUTE_ONT-HOU,0.0
cat__ROUTE_ONT-IAH,0.0
cat__ROUTE_ONT-LAS,0.0
cat__ROUTE_ONT-MDW,0.0
cat__ROUTE_ONT-OAK,0.0
cat__ROUTE_ONT-PDX,0.0
cat__ROUTE_ONT-PHX,0.0
cat__ROUTE_ONT-SEA,0.0
cat__ROUTE_ONT-SFO,0.0
cat__ROUTE_ONT-SJC,0.0
cat__ROUTE_ONT-SLC,0.0
cat__ROUTE_ONT-SMF,0.0
cat__ROUTE_ORD-ABQ,0.0
cat__ROUTE_ORD-ALB,0.0
cat__ROUTE_ORD-ANC,0.0
cat__ROUTE_ORD-ASE,0.0
cat__ROUTE_ORD-ATL,0.0
cat__ROUTE_ORD-ATW,0.0
cat__ROUTE_ORD-AUS,0.0
cat__ROUTE_ORD-AVL,0.0
cat__ROUTE_ORD-AVP,0.0
cat__ROUTE_ORD-BDL,0.0
cat__ROUTE_ORD-BHM,0.0
cat__ROUTE_ORD-BNA,0.0
cat__ROUTE_ORD-BOI,0.0
cat__ROUTE_ORD-BOS,0.0
cat__ROUTE_ORD-BTV,0.0
cat__ROUTE_ORD-BUF,0.0
cat__ROUTE_ORD-BWI,0.0
cat__ROUTE_ORD-BZN,0.0
cat__ROUTE_ORD-CAE,0.0
cat__ROUTE_ORD-CAK,0.0
cat__ROUTE_ORD-CHA,0.0
cat__ROUTE_ORD-CHO,0.0
cat__ROUTE_ORD-CHS,0.0
cat__ROUTE_ORD-CID,0.0
cat__ROUTE_ORD-CLE,0.0
cat__ROUTE_ORD-CLT,0.0
cat__ROUTE_ORD-CMH,0.0
cat__ROUTE_ORD-CMI,0.0
cat__ROUTE_ORD-CMX,0.0
cat__ROUTE_ORD-COS,0.0
cat__ROUTE_ORD-COU,0.0
cat__ROUTE_ORD-CRW,0.0
cat__ROUTE_ORD-CVG,0.0
cat__ROUTE_ORD-DAL,0.0
cat__ROUTE_ORD-DAY,0.0
cat__ROUTE_ORD-DCA,0.0
cat__ROUTE_ORD-DEC,0.0
cat__ROUTE_ORD-DEN,0.0
cat__ROUTE_ORD-DFW,0.0
cat__ROUTE_ORD-DLH,0.0
cat__ROUTE_ORD-DSM,0.0
cat__ROUTE_ORD-DTW,0.0
cat__ROUTE_ORD-EAU,0.0
cat__ROUTE_ORD-ECP,0.0
cat__ROUTE_ORD-EGE,0.0
cat__ROUTE_ORD-ELP,0.0
cat__ROUTE_ORD-EWR,0.0
cat__ROUTE_ORD-EYW,0.0
cat__ROUTE_ORD-FAR,0.0
cat__ROUTE_ORD-FAT,0.0
cat__ROUTE_ORD-FCA,0.0
cat__ROUTE_ORD-FLL,0.0
cat__ROUTE_ORD-FNT,0.0
cat__ROUTE_ORD-FOD,0.0
cat__ROUTE_ORD-FSD,0.0
cat__ROUTE_ORD-FWA,0.0
cat__ROUTE_ORD-GEG,0.0
cat__ROUTE_ORD-GRB,0.0
cat__ROUTE_ORD-GRR,0.0
cat__ROUTE_ORD-GSO,0.0
cat__ROUTE_ORD-GSP,0.0
cat__ROUTE_ORD-HDN,0.0
cat__ROUTE_ORD-HNL,0.0
cat__ROUTE_ORD-HPN,0.0
cat__ROUTE_ORD-HSV,0.0
cat__ROUTE_ORD-IAD,0.0
cat__ROUTE_ORD-IAH,0.0
cat__ROUTE_ORD-ICT,0.0
cat__ROUTE_ORD-IND,0.0
cat__ROUTE_ORD-JAC,0.0
cat__ROUTE_ORD-JAX,0.0
cat__ROUTE_ORD-JFK,0.0
cat__ROUTE_ORD-JLN,0.0
cat__ROUTE_ORD-JST,0.0
cat__ROUTE_ORD-KOA,0.0
cat__ROUTE_ORD-LAS,0.0
cat__ROUTE_ORD-LAX,0.0
cat__ROUTE_ORD-LEX,0.0
cat__ROUTE_ORD-LGA,0.0
cat__ROUTE_ORD-LIT,0.0
cat__ROUTE_ORD-LNK,0.0
cat__ROUTE_ORD-LSE,0.0
cat__ROUTE_ORD-MBS,0.0
cat__ROUTE_ORD-MCI,0.0
cat__ROUTE_ORD-MCO,0.0
cat__ROUTE_ORD-MCW,0.0
cat__ROUTE_ORD-MDT,0.0
cat__ROUTE_ORD-MEM,0.0
cat__ROUTE_ORD-MGW,0.0
cat__ROUTE_ORD-MIA,0.0
cat__ROUTE_ORD-MKE,0.0
cat__ROUTE_ORD-MLI,0.0
cat__ROUTE_ORD-MQT,0.0
cat__ROUTE_ORD-MSN,0.0
cat__ROUTE_ORD-MSP,0.0
cat__ROUTE_ORD-MSY,0.0
cat__ROUTE_ORD-MTJ,0.0
cat__ROUTE_ORD-OGG,0.0
cat__ROUTE_ORD-OKC,0.0
cat__ROUTE_ORD-OMA,0.0
cat__ROUTE_ORD-ORF,0.0
cat__ROUTE_ORD-PBI,0.0
cat__ROUTE_ORD-PDX,0.0
cat__ROUTE_ORD-PHL,0.0
cat__ROUTE_ORD-PHX,0.0
cat__ROUTE_ORD-PIA,0.0
cat__ROUTE_ORD-PIT,0.0
cat__ROUTE_ORD-PNS,0.0
cat__ROUTE_ORD-PSP,0.0
cat__ROUTE_ORD-PVD,0.0
cat__ROUTE_ORD-PWM,0.0
cat__ROUTE_ORD-RAP,0.0
cat__ROUTE_ORD-RDU,0.0
cat__ROUTE_ORD-RIC,0.0
cat__ROUTE_ORD-RNO,0.0
cat__ROUTE_ORD-ROA,0.0
cat__ROUTE_ORD-ROC,0.0
cat__ROUTE_ORD-RSW,0.0
cat__ROUTE_ORD-SAN,0.0
cat__ROUTE_ORD-SAT,0.0
cat__ROUTE_ORD-SAV,0.0
cat__ROUTE_ORD-SBN,0.0
cat__ROUTE_ORD-SCE,0.0
cat__ROUTE_ORD-SDF,0.0
cat__ROUTE_ORD-SEA,0.0
cat__ROUTE_ORD-SFO,0.0
cat__ROUTE_ORD-SGF,0.0
cat__ROUTE_ORD-SJC,0.0
cat__ROUTE_ORD-SJU,0.0
cat__ROUTE_ORD-SLC,0.0
cat__ROUTE_ORD-SLN,0.0
cat__ROUTE_ORD-SMF,0.0
cat__ROUTE_ORD-SNA,0.0
cat__ROUTE_ORD-SRQ,0.0
cat__ROUTE_ORD-STL,0.0
cat__ROUTE_ORD-STT,0.0
cat__ROUTE_ORD-SUN,0.0
cat__ROUTE_ORD-SUX,0.0
cat__ROUTE_ORD-SYR,0.0
cat__ROUTE_ORD-TPA,0.0
cat__ROUTE_ORD-TUL,0.0
cat__ROUTE_ORD-TUS,0.0
cat__ROUTE_ORD-TVC,0.0
cat__ROUTE_ORD-TYS,0.0
cat__ROUTE_ORD-XNA,0.0
cat__ROUTE_ORF-ATL,0.0
cat__ROUTE_ORF-BNA,0.0
cat__ROUTE_ORF-BWI,0.0
cat__ROUTE_ORF-CLT,0.0
cat__ROUTE_ORF-DAL,0.0
cat__ROUTE_ORF-DCA,0.0
cat__ROUTE_ORF-DEN,0.0
cat__ROUTE_ORF-DFW,0.0
cat__ROUTE_ORF-DTW,0.0
cat__ROUTE_ORF-EWR,0.0
cat__ROUTE_ORF-FLL,0.0
cat__ROUTE_ORF-IAD,0.0
cat__ROUTE_ORF-IAH,0.0
cat__ROUTE_ORF-JFK,0.0
cat__ROUTE_ORF-LGA,0.0
cat__ROUTE_ORF-MCO,0.0
cat__ROUTE_ORF-MDW,0.0
cat__ROUTE_ORF-MIA,0.0
cat__ROUTE_ORF-ORD,0.0
cat__ROUTE_ORF-PHL,0.0
cat__ROUTE_ORH-FLL,0.0
cat__ROUTE_ORH-JFK,0.0
cat__ROUTE_ORH-MCO,0.0
cat__ROUTE_ORH-RSW,0.0
cat__ROUTE_OTH-SFO,0.0
cat__ROUTE_OTZ-ANC,0.0
cat__ROUTE_PAE-HNL,0.0
cat__ROUTE_PAE-LAS,0.0
cat__ROUTE_PAE-PHX,0.0
cat__ROUTE_PBG-FLL,0.0
cat__ROUTE_PBG-PGD,0.0
cat__ROUTE_PBG-PIE,0.0
cat__ROUTE_PBG-SFB,0.0
cat__ROUTE_PBG-SRQ,0.0
cat__ROUTE_PBI-ACY,0.0
cat__ROUTE_PBI-ATL,0.0
cat__ROUTE_PBI-AVL,0.0
cat__ROUTE_PBI-BDL,0.0
cat__ROUTE_PBI-BOS,0.0
cat__ROUTE_PBI-BUF,0.0
cat__ROUTE_PBI-BWI,0.0
cat__ROUTE_PBI-CLE,0.0
cat__ROUTE_PBI-CLT,0.0
cat__ROUTE_PBI-CVG,0.0
cat__ROUTE_PBI-DCA,0.0
cat__ROUTE_PBI-DEN,0.0
cat__ROUTE_PBI-DFW,0.0
cat__ROUTE_PBI-DTW,0.0
cat__ROUTE_PBI-EWR,0.0
cat__ROUTE_PBI-GRR,0.0
cat__ROUTE_PBI-HPN,0.0
cat__ROUTE_PBI-IAD,0.0
cat__ROUTE_PBI-IAH,0.0
cat__ROUTE_PBI-ISP,0.0
cat__ROUTE_PBI-JFK,0.0
cat__ROUTE_PBI-LAX,0.0
cat__ROUTE_PBI-LGA,0.0
cat__ROUTE_PBI-MSP,0.0
cat__ROUTE_PBI-ORD,0.0
cat__ROUTE_PBI-PHL,0.0
cat__ROUTE_PBI-PIT,0.0
cat__ROUTE_PBI-PVD,0.0
cat__ROUTE_PBI-TTN,0.0
cat__ROUTE_PDX-ANC,0.0
cat__ROUTE_PDX-ATL,0.0
cat__ROUTE_PDX-AUS,0.0
cat__ROUTE_PDX-BNA,0.0
cat__ROUTE_PDX-BOI,0.0
cat__ROUTE_PDX-BOS,0.0
cat__ROUTE_PDX-BUR,0.0
cat__ROUTE_PDX-CLT,0.0
cat__ROUTE_PDX-DAL,0.0
cat__ROUTE_PDX-DCA,0.0
cat__ROUTE_PDX-DEN,0.0
cat__ROUTE_PDX-DFW,0.0
cat__ROUTE_PDX-DTW,0.0
cat__ROUTE_PDX-EWR,0.0
cat__ROUTE_PDX-FAT,0.0
cat__ROUTE_PDX-FLL,0.0
cat__ROUTE_PDX-GEG,0.0
cat__ROUTE_PDX-HNL,0.0
cat__ROUTE_PDX-IAD,0.0
cat__ROUTE_PDX-IAH,0.0
cat__ROUTE_PDX-IDA,0.0
cat__ROUTE_PDX-JFK,0.0
cat__ROUTE_PDX-KOA,0.0
cat__ROUTE_PDX-LAS,0.0
cat__ROUTE_PDX-LAX,0.0
cat__ROUTE_PDX-LIH,0.0
cat__ROUTE_PDX-MCO,0.0
cat__ROUTE_PDX-MDW,0.0
cat__ROUTE_PDX-MIA,0.0
cat__ROUTE_PDX-MSP,0.0
cat__ROUTE_PDX-MSY,0.0
cat__ROUTE_PDX-OAK,0.0
cat__ROUTE_PDX-OGG,0.0
cat__ROUTE_PDX-ONT,0.0
cat__ROUTE_PDX-ORD,0.0
cat__ROUTE_PDX-PHX,0.0
cat__ROUTE_PDX-PSP,0.0
cat__ROUTE_PDX-PVU,0.0
cat__ROUTE_PDX-RNO,0.0
cat__ROUTE_PDX-SAN,0.0
cat__ROUTE_PDX-SBP,0.0
cat__ROUTE_PDX-SEA,0.0
cat__ROUTE_PDX-SFO,0.0
cat__ROUTE_PDX-SJC,0.0
cat__ROUTE_PDX-SLC,0.0
cat__ROUTE_PDX-SMF,0.0
cat__ROUTE_PDX-SNA,0.0
cat__ROUTE_PDX-STS,0.0
cat__ROUTE_PDX-TPA,0.0
cat__ROUTE_PDX-TUS,0.0
cat__ROUTE_PGD-ABE,0.0
cat__ROUTE_PGD-ALB,0.0
cat__ROUTE_PGD-ATW,0.0
cat__ROUTE_PGD-AVL,0.0
cat__ROUTE_PGD-BGR,0.0
cat__ROUTE_PGD-BLV,0.0
cat__ROUTE_PGD-BNA,0.0
cat__ROUTE_PGD-CAK,0.0
cat__ROUTE_PGD-CID,0.0
cat__ROUTE_PGD-CVG,0.0
cat__ROUTE_PGD-DAY,0.0
cat__ROUTE_PGD-DSM,0.0
cat__ROUTE_PGD-ELM,0.0
cat__ROUTE_PGD-FNT,0.0
cat__ROUTE_PGD-FSD,0.0
cat__ROUTE_PGD-FWA,0.0
cat__ROUTE_PGD-GRR,0.0
cat__ROUTE_PGD-IAD,0.0
cat__ROUTE_VPS-XNA,0.0
cat__ROUTE_PGD-IND,0.0
cat__ROUTE_PGD-LCK,0.0
cat__ROUTE_PGD-LEX,0.0
cat__ROUTE_PGD-MCI,0.0
cat__ROUTE_PGD-MDT,0.0
cat__ROUTE_PGD-MDW,0.0
cat__ROUTE_PGD-MLI,0.0
cat__ROUTE_PGD-MSP,0.0
cat__ROUTE_PGD-OMA,0.0
cat__ROUTE_PGD-PBG,0.0
cat__ROUTE_PGD-PIA,0.0
cat__ROUTE_PGD-PIT,0.0
cat__ROUTE_PGD-PSM,0.0
cat__ROUTE_PGD-PVD,0.0
cat__ROUTE_PGD-RFD,0.0
cat__ROUTE_PGD-ROC,0.0
cat__ROUTE_PGD-SAV,0.0
cat__ROUTE_PGD-SBN,0.0
cat__ROUTE_PGD-SDF,0.0
cat__ROUTE_PGD-SGF,0.0
cat__ROUTE_PGD-SPI,0.0
cat__ROUTE_PGD-STC,0.0
cat__ROUTE_PGD-SWF,0.0
cat__ROUTE_PGD-SYR,0.0
cat__ROUTE_PGD-TOL,0.0
cat__ROUTE_PGD-TVC,0.0
cat__ROUTE_PGD-TYS,0.0
cat__ROUTE_PGD-USA,0.0
cat__ROUTE_PHL-ATL,0.0
cat__ROUTE_PHL-AUS,0.0
cat__ROUTE_PHL-BDL,0.0
cat__ROUTE_PHL-BHM,0.0
cat__ROUTE_PHL-BNA,0.0
cat__ROUTE_PHL-BOS,0.0
cat__ROUTE_PHL-BTV,0.0
cat__ROUTE_PHL-CHS,0.0
cat__ROUTE_PHL-CLE,0.0
cat__ROUTE_PHL-CLT,0.0
cat__ROUTE_PHL-CMH,0.0
cat__ROUTE_PHL-CVG,0.0
cat__ROUTE_PHL-DAL,0.0
cat__ROUTE_PHL-DCA,0.0
cat__ROUTE_PHL-DEN,0.0
cat__ROUTE_PHL-DFW,0.0
cat__ROUTE_PHL-DTW,0.0
cat__ROUTE_PHL-EYW,0.0
cat__ROUTE_PHL-FLL,0.0
cat__ROUTE_PHL-GSP,0.0
cat__ROUTE_PHL-IAH,0.0
cat__ROUTE_PHL-IND,0.0
cat__ROUTE_PHL-JAX,0.0
cat__ROUTE_PHL-LAS,0.0
cat__ROUTE_PHL-LAX,0.0
cat__ROUTE_PHL-LGA,0.0
cat__ROUTE_PHL-MCI,0.0
cat__ROUTE_PHL-MCO,0.0
cat__ROUTE_PHL-MDW,0.0
cat__ROUTE_PHL-MEM,0.0
cat__ROUTE_PHL-MIA,0.0
cat__ROUTE_PHL-MKE,0.0
cat__ROUTE_PHL-MSN,0.0
cat__ROUTE_PHL-MSP,0.0
cat__ROUTE_PHL-MSY,0.0
cat__ROUTE_PHL-ORD,0.0
cat__ROUTE_PHL-ORF,0.0
cat__ROUTE_PHL-PBI,0.0
cat__ROUTE_PHL-PHX,0.0
cat__ROUTE_PHL-PIT,0.0
cat__ROUTE_PHL-PVD,0.0
cat__ROUTE_PHL-PWM,0.0
cat__ROUTE_PHL-RDU,0.0
cat__ROUTE_PHL-RSW,0.0
cat__ROUTE_PHL-SAN,0.0
cat__ROUTE_PHL-SAV,0.0
cat__ROUTE_PHL-SEA,0.0
cat__ROUTE_PHL-SFO,0.0
cat__ROUTE_PHL-SJU,0.0
cat__ROUTE_PHL-SLC,0.0
cat__ROUTE_PHL-SRQ,0.0
cat__ROUTE_PHL-STL,0.0
cat__ROUTE_PHL-STT,0.0
cat__ROUTE_PHL-TPA,0.0
cat__ROUTE_PHL-TYS,0.0
cat__ROUTE_PHL-XNA,0.0
cat__ROUTE_PHX-ABQ,0.0
cat__ROUTE_PHX-ANC,0.0
cat__ROUTE_PHX-ASE,0.0
cat__ROUTE_PHX-ATL,0.0
cat__ROUTE_PHX-AUS,0.0
cat__ROUTE_PHX-AVL,0.0
cat__ROUTE_PHX-BFL,0.0
cat__ROUTE_PHX-BHM,0.0
cat__ROUTE_PHX-BIL,0.0
cat__ROUTE_PHX-BNA,0.0
cat__ROUTE_PHX-BOI,0.0
cat__ROUTE_PHX-BOS,0.0
cat__ROUTE_PHX-BUF,0.0
cat__ROUTE_PHX-BUR,0.0
cat__ROUTE_PHX-BWI,0.0
cat__ROUTE_PHX-CID,0.0
cat__ROUTE_PHX-CLE,0.0
cat__ROUTE_PHX-CLT,0.0
cat__ROUTE_PHX-CMH,0.0
cat__ROUTE_PHX-COS,0.0
cat__ROUTE_PHX-CVG,0.0
cat__ROUTE_PHX-DAL,0.0
cat__ROUTE_PHX-DCA,0.0
cat__ROUTE_PHX-DEN,0.0
cat__ROUTE_PHX-DFW,0.0
cat__ROUTE_PHX-DRO,0.0
cat__ROUTE_PHX-DSM,0.0
cat__ROUTE_PHX-DTW,0.0
cat__ROUTE_PHX-EGE,0.0
cat__ROUTE_PHX-ELP,0.0
cat__ROUTE_PHX-EUG,0.0
cat__ROUTE_PHX-EWR,0.0
cat__ROUTE_PHX-FAR,0.0
cat__ROUTE_PHX-FAT,0.0
cat__ROUTE_PHX-FLG,0.0
cat__ROUTE_PHX-FLL,0.0
cat__ROUTE_PHX-FSD,0.0
cat__ROUTE_PHX-GEG,0.0
cat__ROUTE_PHX-GJT,0.0
cat__ROUTE_PHX-GRR,0.0
cat__ROUTE_PHX-HNL,0.0
cat__ROUTE_PHX-HOU,0.0
cat__ROUTE_PHX-IAD,0.0
cat__ROUTE_PHX-IAH,0.0
cat__ROUTE_PHX-ICT,0.0
cat__ROUTE_PHX-IDA,0.0
cat__ROUTE_PHX-IND,0.0
cat__ROUTE_PHX-JAX,0.0
cat__ROUTE_PHX-JFK,0.0
cat__ROUTE_PHX-KOA,0.0
cat__ROUTE_PHX-LAS,0.0
cat__ROUTE_PHX-LAX,0.0
cat__ROUTE_PHX-LBB,0.0
cat__ROUTE_PHX-LGB,0.0
cat__ROUTE_PHX-LIH,0.0
cat__ROUTE_PHX-LIT,0.0
cat__ROUTE_PHX-MAF,0.0
cat__ROUTE_PHX-MCI,0.0
cat__ROUTE_PHX-MCO,0.0
cat__ROUTE_PHX-MDT,0.0
cat__ROUTE_PHX-MDW,0.0
cat__ROUTE_PHX-MEM,0.0
cat__ROUTE_PHX-MFR,0.0
cat__ROUTE_PHX-MIA,0.0
cat__ROUTE_PHX-MKE,0.0
cat__ROUTE_PHX-MRY,0.0
cat__ROUTE_PHX-MSN,0.0
cat__ROUTE_PHX-MSP,0.0
cat__ROUTE_PHX-MSY,0.0
cat__ROUTE_PHX-OAK,0.0
cat__ROUTE_PHX-OGG,0.0
cat__ROUTE_PHX-OKC,0.0
cat__ROUTE_PHX-OMA,0.0
cat__ROUTE_PHX-ONT,0.0
cat__ROUTE_PHX-ORD,0.0
cat__ROUTE_PHX-PAE,0.0
cat__ROUTE_PHX-PDX,0.0
cat__ROUTE_PHX-PHL,0.0
cat__ROUTE_PHX-PIT,0.0
cat__ROUTE_PHX-PSC,0.0
cat__ROUTE_PHX-PSP,0.0
cat__ROUTE_PHX-PVU,0.0
cat__ROUTE_PHX-RDM,0.0
cat__ROUTE_PHX-RDU,0.0
cat__ROUTE_PHX-RNO,0.0
cat__ROUTE_PHX-SAF,0.0
cat__ROUTE_PHX-SAN,0.0
cat__ROUTE_PHX-SAT,0.0
cat__ROUTE_PHX-SBA,0.0
cat__ROUTE_PHX-SBP,0.0
cat__ROUTE_PHX-SCK,0.0
cat__ROUTE_PHX-SDF,0.0
cat__ROUTE_PHX-SEA,0.0
cat__ROUTE_PHX-SFO,0.0
cat__ROUTE_PHX-SGU,0.0
cat__ROUTE_PHX-SJC,0.0
cat__ROUTE_PHX-SLC,0.0
cat__ROUTE_PHX-SMF,0.0
cat__ROUTE_PHX-SNA,0.0
cat__ROUTE_PHX-STL,0.0
cat__ROUTE_PHX-STS,0.0
cat__ROUTE_PHX-TPA,0.0
cat__ROUTE_PHX-TUL,0.0
cat__ROUTE_PHX-TUS,0.0
cat__ROUTE_PHX-TYS,0.0
cat__ROUTE_PHX-XNA,0.0
cat__ROUTE_PHX-YUM,0.0
cat__ROUTE_PIA-AZA,0.0
cat__ROUTE_PIA-BNA,0.0
cat__ROUTE_PIA-CLT,0.0
cat__ROUTE_PIA-DEN,0.0
cat__ROUTE_PIA-DFW,0.0
cat__ROUTE_PIA-LAS,0.0
cat__ROUTE_PIA-ORD,0.0
cat__ROUTE_PIA-PGD,0.0
cat__ROUTE_PIA-PIE,0.0
cat__ROUTE_PIA-SFB,0.0
cat__ROUTE_PIA-SRQ,0.0
cat__ROUTE_PIB-IAH,0.0
cat__ROUTE_PIE-ABE,0.0
cat__ROUTE_PIE-ALB,0.0
cat__ROUTE_PIE-ATW,0.0
cat__ROUTE_PIE-AVL,0.0
cat__ROUTE_PIE-BGR,0.0
cat__ROUTE_PIE-BIS,0.0
cat__ROUTE_PIE-BLV,0.0
cat__ROUTE_PIE-BMI,0.0
cat__ROUTE_PIE-BNA,0.0
cat__ROUTE_PIE-CAK,0.0
cat__ROUTE_PIE-CHA,0.0
cat__ROUTE_PIE-CID,0.0
cat__ROUTE_PIE-CVG,0.0
cat__ROUTE_PIE-DAY,0.0
cat__ROUTE_PIE-DSM,0.0
cat__ROUTE_PIE-ELM,0.0
cat__ROUTE_PIE-EVV,0.0
cat__ROUTE_PIE-EYW,0.0
cat__ROUTE_PIE-FAR,0.0
cat__ROUTE_PIE-FNT,0.0
cat__ROUTE_PIE-FSD,0.0
cat__ROUTE_PIE-FWA,0.0
cat__ROUTE_PIE-GRR,0.0
cat__ROUTE_PIE-GSO,0.0
cat__ROUTE_PIE-GSP,0.0
cat__ROUTE_PIE-HGR,0.0
cat__ROUTE_PIE-HTS,0.0
cat__ROUTE_PIE-IAG,0.0
cat__ROUTE_PIE-IND,0.0
cat__ROUTE_PIE-LCK,0.0
cat__ROUTE_PIE-LEX,0.0
cat__ROUTE_PIE-MCI,0.0
cat__ROUTE_PIE-MDT,0.0
cat__ROUTE_PIE-MEM,0.0
cat__ROUTE_PIE-MFE,0.0
cat__ROUTE_PIE-MLI,0.0
cat__ROUTE_PIE-OMA,0.0
cat__ROUTE_PIE-PBG,0.0
cat__ROUTE_PIE-PIA,0.0
cat__ROUTE_PIE-PIT,0.0
cat__ROUTE_PIE-RFD,0.0
cat__ROUTE_PIE-RIC,0.0
cat__ROUTE_PIE-ROA,0.0
cat__ROUTE_PIE-SAV,0.0
cat__ROUTE_PIE-SBN,0.0
cat__ROUTE_PIE-SDF,0.0
cat__ROUTE_PIE-SGF,0.0
cat__ROUTE_PIE-SWF,0.0
cat__ROUTE_PIE-SYR,0.0
cat__ROUTE_PIE-TOL,0.0
cat__ROUTE_PIE-TVC,0.0
cat__ROUTE_PIE-TYS,0.0
cat__ROUTE_PIE-USA,0.0
cat__ROUTE_PIH-SLC,0.0
cat__ROUTE_PIT-ATL,0.0
cat__ROUTE_PIT-AUS,0.0
cat__ROUTE_PIT-BNA,0.0
cat__ROUTE_PIT-BOS,0.0
cat__ROUTE_PIT-BWI,0.0
cat__ROUTE_PIT-CLT,0.0
cat__ROUTE_PIT-DAL,0.0
cat__ROUTE_PIT-DCA,0.0
cat__ROUTE_PIT-DEN,0.0
cat__ROUTE_PIT-DFW,0.0
cat__ROUTE_PIT-DTW,0.0
cat__ROUTE_PIT-EWR,0.0
cat__ROUTE_PIT-EYW,0.0
cat__ROUTE_PIT-FLL,0.0
cat__ROUTE_PIT-HOU,0.0
cat__ROUTE_PIT-IAD,0.0
cat__ROUTE_PIT-IAH,0.0
cat__ROUTE_PIT-JAX,0.0
cat__ROUTE_PIT-JFK,0.0
cat__ROUTE_PIT-LAS,0.0
cat__ROUTE_PIT-LGA,0.0
cat__ROUTE_PIT-MCO,0.0
cat__ROUTE_PIT-MDW,0.0
cat__ROUTE_PIT-MIA,0.0
cat__ROUTE_PIT-MLB,0.0
cat__ROUTE_PIT-MSP,0.0
cat__ROUTE_PIT-ORD,0.0
cat__ROUTE_PIT-PBI,0.0
cat__ROUTE_PIT-PGD,0.0
cat__ROUTE_PIT-PHL,0.0
cat__ROUTE_PIT-PHX,0.0
cat__ROUTE_PIT-PIE,0.0
cat__ROUTE_PIT-RDU,0.0
cat__ROUTE_PIT-RSW,0.0
cat__ROUTE_PIT-SAV,0.0
cat__ROUTE_PIT-SEA,0.0
cat__ROUTE_PIT-SFB,0.0
cat__ROUTE_PIT-SFO,0.0
cat__ROUTE_PIT-SLC,0.0
cat__ROUTE_PIT-SRQ,0.0
cat__ROUTE_PIT-STL,0.0
cat__ROUTE_PIT-TPA,0.0
cat__ROUTE_PLN-DTW,0.0
cat__ROUTE_PNS-ATL,0.0
cat__ROUTE_PNS-BNA,0.0
cat__ROUTE_PNS-CLT,0.0
cat__ROUTE_PNS-DAL,0.0
cat__ROUTE_PNS-DCA,0.0
cat__ROUTE_PNS-DEN,0.0
cat__ROUTE_PNS-DFW,0.0
cat__ROUTE_PNS-FLL,0.0
cat__ROUTE_PNS-HOU,0.0
cat__ROUTE_PNS-IAH,0.0
cat__ROUTE_PNS-MCO,0.0
cat__ROUTE_PNS-MIA,0.0
cat__ROUTE_PNS-ORD,0.0
cat__ROUTE_PNS-STL,0.0
cat__ROUTE_PPG-HNL,0.0
cat__ROUTE_PQI-BOS,0.0
cat__ROUTE_PRC-DEN,0.0
cat__ROUTE_PRC-LAX,0.0
cat__ROUTE_PSC-AZA,0.0
cat__ROUTE_PSC-DEN,0.0
cat__ROUTE_PSC-LAS,0.0
cat__ROUTE_PSC-LAX,0.0
cat__ROUTE_PSC-MSP,0.0
cat__ROUTE_PSC-PHX,0.0
cat__ROUTE_PSC-SEA,0.0
cat__ROUTE_PSC-SFO,0.0
cat__ROUTE_PSC-SLC,0.0
cat__ROUTE_PSE-JFK,0.0
cat__ROUTE_PSE-MCO,0.0
cat__ROUTE_PSG-JNU,0.0
cat__ROUTE_PSG-WRG,0.0
cat__ROUTE_PSM-PGD,0.0
cat__ROUTE_PSM-SFB,0.0
cat__ROUTE_PSM-SRQ,0.0
cat__ROUTE_PSP-ATL,0.0
cat__ROUTE_PSP-BLI,0.0
cat__ROUTE_PSP-DEN,0.0
cat__ROUTE_PSP-DFW,0.0
cat__ROUTE_PSP-IAD,0.0
cat__ROUTE_PSP-IAH,0.0
cat__ROUTE_PSP-JFK,0.0
cat__ROUTE_PSP-LAS,0.0
cat__ROUTE_PSP-LAX,0.0
cat__ROUTE_PSP-MSP,0.0
cat__ROUTE_PSP-OAK,0.0
cat__ROUTE_PSP-ORD,0.0
cat__ROUTE_PSP-PDX,0.0
cat__ROUTE_PSP-PHX,0.0
cat__ROUTE_PSP-SEA,0.0
cat__ROUTE_PSP-SFO,0.0
cat__ROUTE_PSP-SJC,0.0
cat__ROUTE_PSP-SLC,0.0
cat__ROUTE_PSP-SMF,0.0
cat__ROUTE_PVD-ATL,0.0
cat__ROUTE_PVD-BWI,0.0
cat__ROUTE_PVD-CLT,0.0
cat__ROUTE_PVD-DCA,0.0
cat__ROUTE_PVD-DEN,0.0
cat__ROUTE_PVD-DTW,0.0
cat__ROUTE_PVD-EWR,0.0
cat__ROUTE_PVD-FLL,0.0
cat__ROUTE_PVD-IAD,0.0
cat__ROUTE_PVD-MCO,0.0
cat__ROUTE_PVD-MDW,0.0
cat__ROUTE_PVD-ORD,0.0
cat__ROUTE_PVD-PBI,0.0
cat__ROUTE_PVD-PGD,0.0
cat__ROUTE_PVD-PHL,0.0
cat__ROUTE_PVD-RSW,0.0
cat__ROUTE_PVD-SJU,0.0
cat__ROUTE_PVD-TPA,0.0
cat__ROUTE_PVU-AUS,0.0
cat__ROUTE_PVU-AZA,0.0
cat__ROUTE_PVU-BNA,0.0
cat__ROUTE_PVU-DFW,0.0
cat__ROUTE_PVU-HOU,0.0
cat__ROUTE_PVU-LAS,0.0
cat__ROUTE_PVU-PDX,0.0
cat__ROUTE_PVU-PHX,0.0
cat__ROUTE_PVU-SAN,0.0
cat__ROUTE_PVU-SFB,0.0
cat__ROUTE_PVU-SNA,0.0
cat__ROUTE_PWM-ATL,0.0
cat__ROUTE_PWM-BWI,0.0
cat__ROUTE_PWM-CLT,0.0
cat__ROUTE_PWM-DCA,0.0
cat__ROUTE_PWM-DTW,0.0
cat__ROUTE_PWM-EWR,0.0
cat__ROUTE_PWM-IAD,0.0
cat__ROUTE_PWM-JFK,0.0
cat__ROUTE_PWM-LGA,0.0
cat__ROUTE_PWM-MCO,0.0
cat__ROUTE_PWM-ORD,0.0
cat__ROUTE_PWM-PHL,0.0
cat__ROUTE_PWM-TPA,0.0
cat__ROUTE_RAP-AZA,0.0
cat__ROUTE_RAP-DEN,0.0
cat__ROUTE_RAP-DFW,0.0
cat__ROUTE_RAP-LAS,0.0
cat__ROUTE_RAP-LAX,0.0
cat__ROUTE_RAP-ORD,0.0
cat__ROUTE_RAP-SFB,0.0
cat__ROUTE_RDD-LAX,0.0
cat__ROUTE_RDD-SEA,0.0
cat__ROUTE_RDD-SFO,0.0
cat__ROUTE_RDM-DEN,0.0
cat__ROUTE_RDM-LAX,0.0
cat__ROUTE_RDM-PHX,0.0
cat__ROUTE_RDM-SAN,0.0
cat__ROUTE_RDM-SEA,0.0
cat__ROUTE_RDM-SFO,0.0
cat__ROUTE_RDM-SLC,0.0
cat__ROUTE_RDU-ATL,0.0
cat__ROUTE_RDU-AUS,0.0
cat__ROUTE_RDU-BNA,0.0
cat__ROUTE_RDU-BOS,0.0
cat__ROUTE_RDU-BUF,0.0
cat__ROUTE_RDU-BWI,0.0
cat__ROUTE_RDU-CLE,0.0
cat__ROUTE_RDU-CLT,0.0
cat__ROUTE_RDU-CVG,0.0
cat__ROUTE_RDU-DAL,0.0
cat__ROUTE_RDU-DCA,0.0
cat__ROUTE_RDU-DEN,0.0
cat__ROUTE_RDU-DFW,0.0
cat__ROUTE_RDU-DTW,0.0
cat__ROUTE_RDU-EWR,0.0
cat__ROUTE_RDU-FLL,0.0
cat__ROUTE_RDU-HOU,0.0
cat__ROUTE_RDU-IAD,0.0
cat__ROUTE_RDU-IAH,0.0
cat__ROUTE_RDU-IND,0.0
cat__ROUTE_RDU-JFK,0.0
cat__ROUTE_RDU-LAS,0.0
cat__ROUTE_RDU-LAX,0.0
cat__ROUTE_RDU-LGA,0.0
cat__ROUTE_RDU-MCO,0.0
cat__ROUTE_RDU-MDW,0.0
cat__ROUTE_RDU-MIA,0.0
cat__ROUTE_RDU-MSP,0.0
cat__ROUTE_RDU-ORD,0.0
cat__ROUTE_RDU-PHL,0.0
cat__ROUTE_RDU-PHX,0.0
cat__ROUTE_RDU-PIT,0.0
cat__ROUTE_RDU-SEA,0.0
cat__ROUTE_RDU-SFO,0.0
cat__ROUTE_RDU-SJU,0.0
cat__ROUTE_RDU-SLC,0.0
cat__ROUTE_RDU-STL,0.0
cat__ROUTE_RDU-TPA,0.0
cat__ROUTE_RFD-AZA,0.0
cat__ROUTE_RFD-LAS,0.0
cat__ROUTE_RFD-PGD,0.0
cat__ROUTE_RFD-PIE,0.0
cat__ROUTE_RFD-SFB,0.0
cat__ROUTE_RFD-SRQ,0.0
cat__ROUTE_RHI-MSP,0.0
cat__ROUTE_RIC-ATL,0.0
cat__ROUTE_RIC-BNA,0.0
cat__ROUTE_RIC-BOS,0.0
cat__ROUTE_RIC-BWI,0.0
cat__ROUTE_RIC-CLT,0.0
cat__ROUTE_RIC-DEN,0.0
cat__ROUTE_RIC-DFW,0.0
cat__ROUTE_RIC-DTW,0.0
cat__ROUTE_RIC-FLL,0.0
cat__ROUTE_RIC-IAH,0.0
cat__ROUTE_RIC-JFK,0.0
cat__ROUTE_RIC-LGA,0.0
cat__ROUTE_RIC-MCO,0.0
cat__ROUTE_RIC-MDW,0.0
cat__ROUTE_RIC-MIA,0.0
cat__ROUTE_RIC-ORD,0.0
cat__ROUTE_RIC-PIE,0.0
cat__ROUTE_RIC-SFB,0.0
cat__ROUTE_RIW-DEN,0.0
cat__ROUTE_RKS-DEN,0.0
cat__ROUTE_RNO-ATL,0.0
cat__ROUTE_RNO-BUR,0.0
cat__ROUTE_RNO-DAL,0.0
cat__ROUTE_RNO-DEN,0.0
cat__ROUTE_RNO-DFW,0.0
cat__ROUTE_RNO-IAH,0.0
cat__ROUTE_RNO-JFK,0.0
cat__ROUTE_RNO-LAS,0.0
cat__ROUTE_RNO-LAX,0.0
cat__ROUTE_RNO-LGB,0.0
cat__ROUTE_RNO-OAK,0.0
cat__ROUTE_RNO-ORD,0.0
cat__ROUTE_RNO-PDX,0.0
cat__ROUTE_RNO-PHX,0.0
cat__ROUTE_RNO-SAN,0.0
cat__ROUTE_RNO-SEA,0.0
cat__ROUTE_RNO-SFO,0.0
cat__ROUTE_RNO-SJC,0.0
cat__ROUTE_RNO-SLC,0.0
cat__ROUTE_ROA-ATL,0.0
cat__ROUTE_ROA-LGA,0.0
cat__ROUTE_ROA-ORD,0.0
cat__ROUTE_ROA-PIE,0.0
cat__ROUTE_ROA-SFB,0.0
cat__ROUTE_ROC-ATL,0.0
cat__ROUTE_ROC-BWI,0.0
cat__ROUTE_ROC-CLT,0.0
cat__ROUTE_ROC-DCA,0.0
cat__ROUTE_ROC-DTW,0.0
cat__ROUTE_ROC-EWR,0.0
cat__ROUTE_ROC-FLL,0.0
cat__ROUTE_ROC-IAD,0.0
cat__ROUTE_ROC-JFK,0.0
cat__ROUTE_ROC-LAS,0.0
cat__ROUTE_ROC-LGA,0.0
cat__ROUTE_ROC-MCO,0.0
cat__ROUTE_ROC-MIA,0.0
cat__ROUTE_ROC-ORD,0.0
cat__ROUTE_ROC-PGD,0.0
cat__ROUTE_ROC-TPA,0.0
cat__ROUTE_ROW-DFW,0.0
cat__ROUTE_RST-MSP,0.0
cat__ROUTE_RSW-ACY,0.0
cat__ROUTE_RSW-ALB,0.0
cat__ROUTE_RSW-ATL,0.0
cat__ROUTE_RSW-BDL,0.0
cat__ROUTE_RSW-BNA,0.0
cat__ROUTE_RSW-BOS,0.0
cat__ROUTE_RSW-BUF,0.0
cat__ROUTE_RSW-BWI,0.0
cat__ROUTE_RSW-CLE,0.0
cat__ROUTE_RSW-CLT,0.0
cat__ROUTE_RSW-CMH,0.0
cat__ROUTE_RSW-CVG,0.0
cat__ROUTE_RSW-DAL,0.0
cat__ROUTE_RSW-DCA,0.0
cat__ROUTE_RSW-DEN,0.0
cat__ROUTE_RSW-DFW,0.0
cat__ROUTE_RSW-DTW,0.0
cat__ROUTE_RSW-EWR,0.0
cat__ROUTE_RSW-GRR,0.0
cat__ROUTE_RSW-HOU,0.0
cat__ROUTE_RSW-HPN,0.0
cat__ROUTE_RSW-IAD,0.0
cat__ROUTE_RSW-IAH,0.0
cat__ROUTE_RSW-IND,0.0
cat__ROUTE_RSW-ISP,0.0
cat__ROUTE_RSW-JFK,0.0
cat__ROUTE_RSW-LAX,0.0
cat__ROUTE_RSW-LGA,0.0
cat__ROUTE_RSW-MCI,0.0
cat__ROUTE_RSW-MDW,0.0
cat__ROUTE_RSW-MHT,0.0
cat__ROUTE_RSW-MKE,0.0
cat__ROUTE_RSW-MSP,0.0
cat__ROUTE_RSW-ORD,0.0
cat__ROUTE_RSW-ORH,0.0
cat__ROUTE_RSW-PHL,0.0
cat__ROUTE_RSW-PIT,0.0
cat__ROUTE_RSW-PVD,0.0
cat__ROUTE_RSW-SEA,0.0
cat__ROUTE_RSW-SFO,0.0
cat__ROUTE_RSW-STL,0.0
cat__ROUTE_RSW-TTN,0.0
cat__ROUTE_SAF-DEN,0.0
cat__ROUTE_SAF-DFW,0.0
cat__ROUTE_SAF-PHX,0.0
cat__ROUTE_SAN-ABQ,0.0
cat__ROUTE_SAN-ATL,0.0
cat__ROUTE_SAN-AUS,0.0
cat__ROUTE_SAN-BNA,0.0
cat__ROUTE_SAN-BOI,0.0
cat__ROUTE_SAN-BOS,0.0
cat__ROUTE_SAN-BWI,0.0
cat__ROUTE_SAN-BZN,0.0
cat__ROUTE_SAN-CLT,0.0
cat__ROUTE_SAN-COS,0.0
cat__ROUTE_SAN-DAL,0.0
cat__ROUTE_SAN-DEN,0.0
cat__ROUTE_SAN-DFW,0.0
cat__ROUTE_SAN-DTW,0.0
cat__ROUTE_SAN-EGE,0.0
cat__ROUTE_SAN-ELP,0.0
cat__ROUTE_SAN-EUG,0.0
cat__ROUTE_SAN-EWR,0.0
cat__ROUTE_SAN-FAT,0.0
cat__ROUTE_SAN-FLL,0.0
cat__ROUTE_SAN-GEG,0.0
cat__ROUTE_SAN-HDN,0.0
cat__ROUTE_SAN-HNL,0.0
cat__ROUTE_SAN-HOU,0.0
cat__ROUTE_SAN-IAD,0.0
cat__ROUTE_SAN-IAH,0.0
cat__ROUTE_SAN-IND,0.0
cat__ROUTE_SAN-JAC,0.0
cat__ROUTE_SAN-JFK,0.0
cat__ROUTE_SAN-KOA,0.0
cat__ROUTE_SAN-LAS,0.0
cat__ROUTE_SAN-LAX,0.0
cat__ROUTE_SAN-LIH,0.0
cat__ROUTE_SAN-MCI,0.0
cat__ROUTE_SAN-MCO,0.0
cat__ROUTE_SAN-MDW,0.0
cat__ROUTE_SAN-MIA,0.0
cat__ROUTE_SAN-MRY,0.0
cat__ROUTE_SAN-MSP,0.0
cat__ROUTE_SAN-MSY,0.0
cat__ROUTE_SAN-OAK,0.0
cat__ROUTE_SAN-OGG,0.0
cat__ROUTE_SAN-ORD,0.0
cat__ROUTE_SAN-PDX,0.0
cat__ROUTE_SAN-PHL,0.0
cat__ROUTE_SAN-PHX,0.0
cat__ROUTE_SAN-PVU,0.0
cat__ROUTE_SAN-RDM,0.0
cat__ROUTE_SAN-RNO,0.0
cat__ROUTE_SAN-SAT,0.0
cat__ROUTE_SAN-SBP,0.0
cat__ROUTE_SAN-SEA,0.0
cat__ROUTE_SAN-SFO,0.0
cat__ROUTE_SAN-SJC,0.0
cat__ROUTE_SAN-SLC,0.0
cat__ROUTE_SAN-SMF,0.0
cat__ROUTE_SAN-STL,0.0
cat__ROUTE_SAN-STS,0.0
cat__ROUTE_SAN-TPA,0.0
cat__ROUTE_SAN-TUS,0.0
cat__ROUTE_SAT-ATL,0.0
cat__ROUTE_SAT-BNA,0.0
cat__ROUTE_SAT-BOS,0.0
cat__ROUTE_SAT-BUR,0.0
cat__ROUTE_SAT-BWI,0.0
cat__ROUTE_SAT-CLT,0.0
cat__ROUTE_SAT-COS,0.0
cat__ROUTE_SAT-DAL,0.0
cat__ROUTE_SAT-DEN,0.0
cat__ROUTE_SAT-DFW,0.0
cat__ROUTE_SAT-DTW,0.0
cat__ROUTE_SAT-ELP,0.0
cat__ROUTE_SAT-EWR,0.0
cat__ROUTE_SAT-FLL,0.0
cat__ROUTE_SAT-HOU,0.0
cat__ROUTE_SAT-IAD,0.0
cat__ROUTE_SAT-IAH,0.0
cat__ROUTE_SAT-JFK,0.0
cat__ROUTE_SAT-LAS,0.0
cat__ROUTE_SAT-LAX,0.0
cat__ROUTE_SAT-MCI,0.0
cat__ROUTE_SAT-MCO,0.0
cat__ROUTE_SAT-MDW,0.0
cat__ROUTE_SAT-MIA,0.0
cat__ROUTE_SAT-MSP,0.0
cat__ROUTE_SAT-MSY,0.0
cat__ROUTE_SAT-OKC,0.0
cat__ROUTE_SAT-ORD,0.0
cat__ROUTE_SAT-PHX,0.0
cat__ROUTE_SAT-SAN,0.0
cat__ROUTE_SAT-SEA,0.0
cat__ROUTE_SAT-SFO,0.0
cat__ROUTE_SAT-SLC,0.0
cat__ROUTE_SAT-STL,0.0
cat__ROUTE_SAT-TPA,0.0
cat__ROUTE_SAV-ATL,0.0
cat__ROUTE_SAV-AVL,0.0
cat__ROUTE_SAV-BNA,0.0
cat__ROUTE_SAV-BOS,0.0
cat__ROUTE_SAV-BWI,0.0
cat__ROUTE_SAV-CAK,0.0
cat__ROUTE_SAV-CLT,0.0
cat__ROUTE_SAV-CVG,0.0
cat__ROUTE_SAV-DAL,0.0
cat__ROUTE_SAV-DCA,0.0
cat__ROUTE_SAV-DEN,0.0
cat__ROUTE_SAV-DFW,0.0
cat__ROUTE_SAV-DTW,0.0
cat__ROUTE_SAV-EWR,0.0
cat__ROUTE_SAV-FLL,0.0
cat__ROUTE_SAV-HOU,0.0
cat__ROUTE_SAV-JFK,0.0
cat__ROUTE_SAV-LCK,0.0
cat__ROUTE_SAV-LGA,0.0
cat__ROUTE_SAV-MDW,0.0
cat__ROUTE_SAV-MIA,0.0
cat__ROUTE_SAV-ORD,0.0
cat__ROUTE_SAV-PGD,0.0
cat__ROUTE_SAV-PHL,0.0
cat__ROUTE_SAV-PIE,0.0
cat__ROUTE_SAV-PIT,0.0
cat__ROUTE_SBA-ATL,0.0
cat__ROUTE_SBA-DEN,0.0
cat__ROUTE_SBA-DFW,0.0
cat__ROUTE_SBA-LAS,0.0
cat__ROUTE_SBA-LAX,0.0
cat__ROUTE_SBA-OAK,0.0
cat__ROUTE_SBA-PHX,0.0
cat__ROUTE_SBA-SEA,0.0
cat__ROUTE_SBA-SFO,0.0
cat__ROUTE_SBA-SLC,0.0
cat__ROUTE_SBA-SMF,0.0
cat__ROUTE_SBN-ATL,0.0
cat__ROUTE_SBN-AZA,0.0
cat__ROUTE_SBN-CLT,0.0
cat__ROUTE_SBN-DFW,0.0
cat__ROUTE_SBN-DTW,0.0
cat__ROUTE_SBN-IAD,0.0
cat__ROUTE_SBN-LAS,0.0
cat__ROUTE_SBN-MSP,0.0
cat__ROUTE_SBN-ORD,0.0
cat__ROUTE_SBN-PGD,0.0
cat__ROUTE_SBN-PIE,0.0
cat__ROUTE_SBN-SFB,0.0
cat__ROUTE_SBN-SRQ,0.0
cat__ROUTE_SBN-TYS,0.0
cat__ROUTE_SBP-DEN,0.0
cat__ROUTE_SBP-DFW,0.0
cat__ROUTE_SBP-LAS,0.0
cat__ROUTE_SBP-LAX,0.0
cat__ROUTE_SBP-PDX,0.0
cat__ROUTE_SBP-PHX,0.0
cat__ROUTE_SBP-SAN,0.0
cat__ROUTE_SBP-SEA,0.0
cat__ROUTE_SBP-SFO,0.0
cat__ROUTE_SCC-ANC,0.0
cat__ROUTE_SCE-IAD,0.0
cat__ROUTE_SCE-ORD,0.0
cat__ROUTE_SCK-LAS,0.0
cat__ROUTE_SCK-PHX,0.0
cat__ROUTE_SDF-ATL,0.0
cat__ROUTE_SDF-BOS,0.0
cat__ROUTE_SDF-BWI,0.0
cat__ROUTE_SDF-CLT,0.0
cat__ROUTE_SDF-DAL,0.0
cat__ROUTE_SDF-DCA,0.0
cat__ROUTE_SDF-DEN,0.0
cat__ROUTE_SDF-DFW,0.0
cat__ROUTE_SDF-DTW,0.0
cat__ROUTE_SDF-EWR,0.0
cat__ROUTE_SDF-FLL,0.0
cat__ROUTE_SDF-HOU,0.0
cat__ROUTE_SDF-IAD,0.0
cat__ROUTE_SDF-LAS,0.0
cat__ROUTE_SDF-LGA,0.0
cat__ROUTE_SDF-MCO,0.0
cat__ROUTE_SDF-MDW,0.0
cat__ROUTE_SDF-MIA,0.0
cat__ROUTE_SDF-MSP,0.0
cat__ROUTE_SDF-ORD,0.0
cat__ROUTE_SDF-PGD,0.0
cat__ROUTE_SDF-PHX,0.0
cat__ROUTE_SDF-PIE,0.0
cat__ROUTE_SDF-SFB,0.0
cat__ROUTE_SDF-SRQ,0.0
cat__ROUTE_SDF-TPA,0.0
cat__ROUTE_SDF-VPS,0.0
cat__ROUTE_SEA-ABQ,0.0
cat__ROUTE_SEA-ANC,0.0
cat__ROUTE_SEA-ATL,0.0
cat__ROUTE_SEA-AUS,0.0
cat__ROUTE_SEA-BLI,0.0
cat__ROUTE_SEA-BNA,0.0
cat__ROUTE_SEA-BOI,0.0
cat__ROUTE_SEA-BOS,0.0
cat__ROUTE_SEA-BUR,0.0
cat__ROUTE_SEA-BWI,0.0
cat__ROUTE_SEA-BZN,0.0
cat__ROUTE_SEA-CHS,0.0
cat__ROUTE_SEA-CLE,0.0
cat__ROUTE_SEA-CLT,0.0
cat__ROUTE_SEA-CMH,0.0
cat__ROUTE_SEA-CVG,0.0
cat__ROUTE_SEA-DAL,0.0
cat__ROUTE_SEA-DCA,0.0
cat__ROUTE_SEA-DEN,0.0
cat__ROUTE_SEA-DFW,0.0
cat__ROUTE_SEA-DTW,0.0
cat__ROUTE_SEA-EGE,0.0
cat__ROUTE_SEA-EUG,0.0
cat__ROUTE_SEA-EWR,0.0
cat__ROUTE_SEA-FAI,0.0
cat__ROUTE_SEA-FAT,0.0
cat__ROUTE_SEA-FLL,0.0
cat__ROUTE_SEA-GEG,0.0
cat__ROUTE_SEA-GTF,0.0
cat__ROUTE_SEA-HLN,0.0
cat__ROUTE_SEA-HNL,0.0
cat__ROUTE_SEA-IAD,0.0
cat__ROUTE_SEA-IAH,0.0
cat__ROUTE_SEA-IND,0.0
cat__ROUTE_SEA-JAC,0.0
cat__ROUTE_SEA-JFK,0.0
cat__ROUTE_SEA-JNU,0.0
cat__ROUTE_SEA-KOA,0.0
cat__ROUTE_SEA-KTN,0.0
cat__ROUTE_PGD-IAG,0.0
cat__ROUTE_SEA-LAX,0.0
cat__ROUTE_SEA-LIH,0.0
cat__ROUTE_SEA-LWS,0.0
cat__ROUTE_SEA-MCI,0.0
cat__ROUTE_SEA-MCO,0.0
cat__ROUTE_SEA-MDW,0.0
cat__ROUTE_SEA-MFR,0.0
cat__ROUTE_SEA-MIA,0.0
cat__ROUTE_SEA-MKE,0.0
cat__ROUTE_SEA-MSO,0.0
cat__ROUTE_SEA-MSP,0.0
cat__ROUTE_SEA-MSY,0.0
cat__ROUTE_SEA-OAK,0.0
cat__ROUTE_SEA-OGG,0.0
cat__ROUTE_SEA-OKC,0.0
cat__ROUTE_SEA-OMA,0.0
cat__ROUTE_SEA-ONT,0.0
cat__ROUTE_SEA-ORD,0.0
cat__ROUTE_SEA-PDX,0.0
cat__ROUTE_SEA-PHL,0.0
cat__ROUTE_SEA-PHX,0.0
cat__ROUTE_SEA-PIT,0.0
cat__ROUTE_SEA-PSC,0.0
cat__ROUTE_SEA-PSP,0.0
cat__ROUTE_SEA-RDD,0.0
cat__ROUTE_SEA-RDM,0.0
cat__ROUTE_SEA-RDU,0.0
cat__ROUTE_SEA-RNO,0.0
cat__ROUTE_SEA-RSW,0.0
cat__ROUTE_SEA-SAN,0.0
cat__ROUTE_SEA-SAT,0.0
cat__ROUTE_SEA-SBA,0.0
cat__ROUTE_SEA-SBP,0.0
cat__ROUTE_SEA-SFO,0.0
cat__ROUTE_SEA-SJC,0.0
cat__ROUTE_SEA-SLC,0.0
cat__ROUTE_SEA-SMF,0.0
cat__ROUTE_SEA-SNA,0.0
cat__ROUTE_SEA-STL,0.0
cat__ROUTE_SEA-STS,0.0
cat__ROUTE_SEA-SUN,0.0
cat__ROUTE_SEA-TPA,0.0
cat__ROUTE_SEA-TUS,0.0
cat__ROUTE_SFB-ABE,0.0
cat__ROUTE_SFB-ALB,0.0
cat__ROUTE_SFB-ATW,0.0
cat__ROUTE_SFB-AVL,0.0
cat__ROUTE_SFB-BGR,0.0
cat__ROUTE_SFB-BIS,0.0
cat__ROUTE_SFB-BLV,0.0
cat__ROUTE_SFB-BMI,0.0
cat__ROUTE_SFB-BNA,0.0
cat__ROUTE_SFB-CAK,0.0
cat__ROUTE_SFB-CHA,0.0
cat__ROUTE_SFB-CID,0.0
cat__ROUTE_SFB-CKB,0.0
cat__ROUTE_SFB-CVG,0.0
cat__ROUTE_SFB-DAY,0.0
cat__ROUTE_SFB-DSM,0.0
cat__ROUTE_SFB-ELM,0.0
cat__ROUTE_SFB-EVV,0.0
cat__ROUTE_SFB-EYW,0.0
cat__ROUTE_SFB-FAR,0.0
cat__ROUTE_SFB-FNT,0.0
cat__ROUTE_SFB-FSD,0.0
cat__ROUTE_SFB-FWA,0.0
cat__ROUTE_SFB-GFK,0.0
cat__ROUTE_SFB-GRR,0.0
cat__ROUTE_SFB-GSP,0.0
cat__ROUTE_SFB-HGR,0.0
cat__ROUTE_SFB-HTS,0.0
cat__ROUTE_SFB-ICT,0.0
cat__ROUTE_SFB-IND,0.0
cat__ROUTE_SFB-LCK,0.0
cat__ROUTE_SFB-LEX,0.0
cat__ROUTE_SFB-LIT,0.0
cat__ROUTE_SFB-MDT,0.0
cat__ROUTE_SFB-MEM,0.0
cat__ROUTE_SFB-MFE,0.0
cat__ROUTE_SFB-MLI,0.0
cat__ROUTE_SFB-MOT,0.0
cat__ROUTE_SFB-OMA,0.0
cat__ROUTE_SFB-PBG,0.0
cat__ROUTE_SFB-PIA,0.0
cat__ROUTE_SFB-PIT,0.0
cat__ROUTE_SFB-PSM,0.0
cat__ROUTE_SFB-PVU,0.0
cat__ROUTE_SFB-RAP,0.0
cat__ROUTE_SFB-RFD,0.0
cat__ROUTE_SFB-RIC,0.0
cat__ROUTE_SFB-ROA,0.0
cat__ROUTE_SFB-SBN,0.0
cat__ROUTE_SFB-SDF,0.0
cat__ROUTE_SFB-SGF,0.0
cat__ROUTE_SFB-SWF,0.0
cat__ROUTE_SFB-SYR,0.0
cat__ROUTE_SFB-TOL,0.0
cat__ROUTE_SFB-TRI,0.0
cat__ROUTE_SFB-TUL,0.0
cat__ROUTE_SFB-TVC,0.0
cat__ROUTE_SFB-TYS,0.0
cat__ROUTE_SFB-USA,0.0
cat__ROUTE_SFB-XNA,0.0
cat__ROUTE_SFO-ABQ,0.0
cat__ROUTE_SFO-ACV,0.0
cat__ROUTE_SFO-ASE,0.0
cat__ROUTE_SFO-ATL,0.0
cat__ROUTE_SFO-AUS,0.0
cat__ROUTE_SFO-BFL,0.0
cat__ROUTE_SFO-BIH,0.0
cat__ROUTE_SFO-BNA,0.0
cat__ROUTE_SFO-BOI,0.0
cat__ROUTE_SFO-BOS,0.0
cat__ROUTE_SFO-BUR,0.0
cat__ROUTE_SFO-BWI,0.0
cat__ROUTE_SFO-BZN,0.0
cat__ROUTE_SFO-CLE,0.0
cat__ROUTE_SFO-CLT,0.0
cat__ROUTE_SFO-DCA,0.0
cat__ROUTE_SFO-DEN,0.0
cat__ROUTE_SFO-DFW,0.0
cat__ROUTE_SFO-DTW,0.0
cat__ROUTE_SFO-EGE,0.0
cat__ROUTE_SFO-EUG,0.0
cat__ROUTE_SFO-EWR,0.0
cat__ROUTE_SFO-FAT,0.0
cat__ROUTE_SFO-FCA,0.0
cat__ROUTE_SFO-FLL,0.0
cat__ROUTE_SFO-GEG,0.0
cat__ROUTE_SFO-HDN,0.0
cat__ROUTE_SFO-HNL,0.0
cat__ROUTE_SFO-IAD,0.0
cat__ROUTE_SFO-IAH,0.0
cat__ROUTE_SFO-IND,0.0
cat__ROUTE_SFO-JAC,0.0
cat__ROUTE_SFO-JFK,0.0
cat__ROUTE_SFO-KOA,0.0
cat__ROUTE_SFO-LAS,0.0
cat__ROUTE_SFO-LAX,0.0
cat__ROUTE_SFO-LIH,0.0
cat__ROUTE_SFO-MCI,0.0
cat__ROUTE_SFO-MCO,0.0
cat__ROUTE_SFO-MDW,0.0
cat__ROUTE_SFO-MFR,0.0
cat__ROUTE_SFO-MIA,0.0
cat__ROUTE_SFO-MRY,0.0
cat__ROUTE_SFO-MSP,0.0
cat__ROUTE_SFO-MSY,0.0
cat__ROUTE_SFO-MTJ,0.0
cat__ROUTE_SFO-OGG,0.0
cat__ROUTE_SFO-OMA,0.0
cat__ROUTE_SFO-ONT,0.0
cat__ROUTE_SFO-ORD,0.0
cat__ROUTE_SFO-OTH,0.0
cat__ROUTE_SFO-PDX,0.0
cat__ROUTE_SFO-PHL,0.0
cat__ROUTE_SFO-PHX,0.0
cat__ROUTE_SFO-PIT,0.0
cat__ROUTE_SFO-PSC,0.0
cat__ROUTE_SFO-PSP,0.0
cat__ROUTE_SFO-RDD,0.0
cat__ROUTE_SFO-RDM,0.0
cat__ROUTE_SFO-RDU,0.0
cat__ROUTE_SFO-RNO,0.0
cat__ROUTE_SFO-RSW,0.0
cat__ROUTE_SFO-SAN,0.0
cat__ROUTE_SFO-SAT,0.0
cat__ROUTE_SFO-SBA,0.0
cat__ROUTE_SFO-SBP,0.0
cat__ROUTE_SFO-SEA,0.0
cat__ROUTE_SFO-SLC,0.0
cat__ROUTE_SFO-SMF,0.0
cat__ROUTE_SFO-SNA,0.0
cat__ROUTE_SFO-STL,0.0
cat__ROUTE_SFO-SUN,0.0
cat__ROUTE_SFO-TPA,0.0
cat__ROUTE_SFO-TUS,0.0
cat__ROUTE_SGF-AZA,0.0
cat__ROUTE_SGF-CLT,0.0
cat__ROUTE_SGF-DEN,0.0
cat__ROUTE_SGF-DFW,0.0
cat__ROUTE_SGF-IAH,0.0
cat__ROUTE_SGF-LAS,0.0
cat__ROUTE_SGF-LAX,0.0
cat__ROUTE_SGF-ORD,0.0
cat__ROUTE_SGF-PGD,0.0
cat__ROUTE_SGF-PIE,0.0
cat__ROUTE_SGF-SFB,0.0
cat__ROUTE_SGU-DEN,0.0
cat__ROUTE_SGU-DFW,0.0
cat__ROUTE_SGU-LAX,0.0
cat__ROUTE_SGU-PHX,0.0
cat__ROUTE_SGU-SLC,0.0
cat__ROUTE_SHR-DEN,0.0
cat__ROUTE_SHV-ATL,0.0
cat__ROUTE_SHV-CLT,0.0
cat__ROUTE_SHV-DEN,0.0
cat__ROUTE_SHV-DFW,0.0
cat__ROUTE_SHV-IAH,0.0
cat__ROUTE_SHV-LAS,0.0
cat__ROUTE_SIT-JNU,0.0
cat__ROUTE_SIT-KTN,0.0
cat__ROUTE_SJC-ATL,0.0
cat__ROUTE_SJC-AUS,0.0
cat__ROUTE_SJC-BNA,0.0
cat__ROUTE_SJC-BOI,0.0
cat__ROUTE_SJC-BUR,0.0
cat__ROUTE_SJC-DAL,0.0
cat__ROUTE_SJC-DEN,0.0
cat__ROUTE_SJC-DFW,0.0
cat__ROUTE_SJC-EUG,0.0
cat__ROUTE_SJC-GEG,0.0
cat__ROUTE_SJC-HNL,0.0
cat__ROUTE_SJC-HOU,0.0
cat__ROUTE_SJC-IAH,0.0
cat__ROUTE_SJC-KOA,0.0
cat__ROUTE_SJC-LAS,0.0
cat__ROUTE_SJC-LAX,0.0
cat__ROUTE_SJC-LGB,0.0
cat__ROUTE_SJC-LIH,0.0
cat__ROUTE_SJC-MDW,0.0
cat__ROUTE_SJC-MSP,0.0
cat__ROUTE_SJC-OGG,0.0
cat__ROUTE_SJC-ONT,0.0
cat__ROUTE_SJC-ORD,0.0
cat__ROUTE_SJC-PDX,0.0
cat__ROUTE_SJC-PHX,0.0
cat__ROUTE_SJC-PSP,0.0
cat__ROUTE_SJC-RNO,0.0
cat__ROUTE_SJC-SAN,0.0
cat__ROUTE_SJC-SEA,0.0
cat__ROUTE_SJC-SLC,0.0
cat__ROUTE_SJC-SNA,0.0
cat__ROUTE_SJC-STL,0.0
cat__ROUTE_SJT-DFW,0.0
cat__ROUTE_SJU-ATL,0.0
cat__ROUTE_SJU-BDL,0.0
cat__ROUTE_SJU-BNA,0.0
cat__ROUTE_SJU-BOS,0.0
cat__ROUTE_SJU-BWI,0.0
cat__ROUTE_SJU-CLE,0.0
cat__ROUTE_SJU-CLT,0.0
cat__ROUTE_SJU-DCA,0.0
cat__ROUTE_SJU-DEN,0.0
cat__ROUTE_SJU-DFW,0.0
cat__ROUTE_SJU-DTW,0.0
cat__ROUTE_SJU-EWR,0.0
cat__ROUTE_SJU-FLL,0.0
cat__ROUTE_SJU-HOU,0.0
cat__ROUTE_SJU-HPN,0.0
cat__ROUTE_SJU-IAD,0.0
cat__ROUTE_SJU-IAH,0.0
cat__ROUTE_SJU-JAX,0.0
cat__ROUTE_SJU-JFK,0.0
cat__ROUTE_SJU-MCO,0.0
cat__ROUTE_SJU-MDW,0.0
cat__ROUTE_SJU-MIA,0.0
cat__ROUTE_SJU-MSP,0.0
cat__ROUTE_SJU-MSY,0.0
cat__ROUTE_SJU-ORD,0.0
cat__ROUTE_SJU-PHL,0.0
cat__ROUTE_SJU-PVD,0.0
cat__ROUTE_SJU-RDU,0.0
cat__ROUTE_SJU-STL,0.0
cat__ROUTE_SJU-STT,0.0
cat__ROUTE_SJU-STX,0.0
cat__ROUTE_SJU-TPA,0.0
cat__ROUTE_SLC-ABQ,0.0
cat__ROUTE_SLC-ATL,0.0
cat__ROUTE_SLC-AUS,0.0
cat__ROUTE_SLC-BIL,0.0
cat__ROUTE_SLC-BNA,0.0
cat__ROUTE_SLC-BOI,0.0
cat__ROUTE_SLC-BOS,0.0
cat__ROUTE_SLC-BTM,0.0
cat__ROUTE_SLC-BUR,0.0
cat__ROUTE_SLC-BWI,0.0
cat__ROUTE_SLC-BZN,0.0
cat__ROUTE_SLC-CDC,0.0
cat__ROUTE_SLC-CLE,0.0
cat__ROUTE_SLC-CLT,0.0
cat__ROUTE_SLC-CMH,0.0
cat__ROUTE_SLC-COS,0.0
cat__ROUTE_SLC-CVG,0.0
cat__ROUTE_SLC-DAL,0.0
cat__ROUTE_SLC-DCA,0.0
cat__ROUTE_SLC-DEN,0.0
cat__ROUTE_SLC-DFW,0.0
cat__ROUTE_SLC-DTW,0.0
cat__ROUTE_SLC-EKO,0.0
cat__ROUTE_SLC-EUG,0.0
cat__ROUTE_SLC-EWR,0.0
cat__ROUTE_SLC-FAT,0.0
cat__ROUTE_SLC-FCA,0.0
cat__ROUTE_SLC-FLL,0.0
cat__ROUTE_SLC-GEG,0.0
cat__ROUTE_SLC-GJT,0.0
cat__ROUTE_SLC-GTF,0.0
cat__ROUTE_SLC-HLN,0.0
cat__ROUTE_SLC-HNL,0.0
cat__ROUTE_SLC-HOU,0.0
cat__ROUTE_SLC-IAD,0.0
cat__ROUTE_SLC-IAH,0.0
cat__ROUTE_SLC-IDA,0.0
cat__ROUTE_SLC-IND,0.0
cat__ROUTE_SLC-JAC,0.0
cat__ROUTE_SLC-JFK,0.0
cat__ROUTE_SLC-LAS,0.0
cat__ROUTE_SLC-LAX,0.0
cat__ROUTE_SLC-LGA,0.0
cat__ROUTE_SLC-LGB,0.0
cat__ROUTE_SLC-LWS,0.0
cat__ROUTE_SLC-MCI,0.0
cat__ROUTE_SLC-MCO,0.0
cat__ROUTE_SLC-MDW,0.0
cat__ROUTE_SLC-MEM,0.0
cat__ROUTE_SLC-MFR,0.0
cat__ROUTE_SLC-MIA,0.0
cat__ROUTE_SLC-MKE,0.0
cat__ROUTE_SLC-MSO,0.0
cat__ROUTE_SLC-MSP,0.0
cat__ROUTE_SLC-MSY,0.0
cat__ROUTE_SLC-OAK,0.0
cat__ROUTE_SLC-OGG,0.0
cat__ROUTE_SLC-OKC,0.0
cat__ROUTE_SLC-OMA,0.0
cat__ROUTE_SLC-ONT,0.0
cat__ROUTE_SLC-ORD,0.0
cat__ROUTE_SLC-PDX,0.0
cat__ROUTE_SLC-PHL,0.0
cat__ROUTE_SLC-PHX,0.0
cat__ROUTE_SLC-PIH,0.0
cat__ROUTE_SLC-PIT,0.0
cat__ROUTE_SLC-PSC,0.0
cat__ROUTE_SLC-PSP,0.0
cat__ROUTE_SLC-RDM,0.0
cat__ROUTE_SLC-RDU,0.0
cat__ROUTE_SLC-RNO,0.0
cat__ROUTE_SLC-SAN,0.0
cat__ROUTE_SLC-SAT,0.0
cat__ROUTE_SLC-SBA,0.0
cat__ROUTE_SLC-SEA,0.0
cat__ROUTE_SLC-SFO,0.0
cat__ROUTE_SLC-SGU,0.0
cat__ROUTE_SLC-SJC,0.0
cat__ROUTE_SLC-SMF,0.0
cat__ROUTE_SLC-SNA,0.0
cat__ROUTE_SLC-STL,0.0
cat__ROUTE_SLC-SUN,0.0
cat__ROUTE_SLC-TPA,0.0
cat__ROUTE_SLC-TUL,0.0
cat__ROUTE_SLC-TUS,0.0
cat__ROUTE_SLC-TWF,0.0
cat__ROUTE_SLN-DEN,0.0
cat__ROUTE_SLN-ORD,0.0
cat__ROUTE_SMF-ATL,0.0
cat__ROUTE_SMF-AUS,0.0
cat__ROUTE_SMF-BNA,0.0
cat__ROUTE_SMF-BOI,0.0
cat__ROUTE_SMF-BUR,0.0
cat__ROUTE_SMF-CLT,0.0
cat__ROUTE_SMF-DAL,0.0
cat__ROUTE_SMF-DEN,0.0
cat__ROUTE_SMF-DFW,0.0
cat__ROUTE_SMF-EUG,0.0
cat__ROUTE_SMF-EWR,0.0
cat__ROUTE_SMF-GEG,0.0
cat__ROUTE_SMF-HNL,0.0
cat__ROUTE_SMF-HOU,0.0
cat__ROUTE_SMF-IAD,0.0
cat__ROUTE_SMF-IAH,0.0
cat__ROUTE_SMF-KOA,0.0
cat__ROUTE_SMF-LAS,0.0
cat__ROUTE_SMF-LAX,0.0
cat__ROUTE_SMF-LGB,0.0
cat__ROUTE_SMF-LIH,0.0
cat__ROUTE_SMF-MCI,0.0
cat__ROUTE_SMF-MCO,0.0
cat__ROUTE_SMF-MDW,0.0
cat__ROUTE_SMF-MIA,0.0
cat__ROUTE_SMF-MSP,0.0
cat__ROUTE_SMF-OGG,0.0
cat__ROUTE_SMF-ONT,0.0
cat__ROUTE_SMF-ORD,0.0
cat__ROUTE_SMF-PDX,0.0
cat__ROUTE_SMF-PHX,0.0
cat__ROUTE_SMF-PSP,0.0
cat__ROUTE_SMF-SAN,0.0
cat__ROUTE_SMF-SBA,0.0
cat__ROUTE_SMF-SEA,0.0
cat__ROUTE_SMF-SFO,0.0
cat__ROUTE_SMF-SLC,0.0
cat__ROUTE_SMF-SNA,0.0
cat__ROUTE_SMF-STL,0.0
cat__ROUTE_SMF-TUS,0.0
cat__ROUTE_SMX-LAS,0.0
cat__ROUTE_SNA-ATL,0.0
cat__ROUTE_SNA-AUS,0.0
cat__ROUTE_SNA-BOI,0.0
cat__ROUTE_SNA-CLT,0.0
cat__ROUTE_SNA-DAL,0.0
cat__ROUTE_SNA-DEN,0.0
cat__ROUTE_SNA-DFW,0.0
cat__ROUTE_SNA-DSM,0.0
cat__ROUTE_SNA-DTW,0.0
cat__ROUTE_SNA-EUG,0.0
cat__ROUTE_SNA-EWR,0.0
cat__ROUTE_SNA-IAH,0.0
cat__ROUTE_SNA-IDA,0.0
cat__ROUTE_SNA-JFK,0.0
cat__ROUTE_SNA-LAS,0.0
cat__ROUTE_SNA-MFR,0.0
cat__ROUTE_SNA-MSP,0.0
cat__ROUTE_SNA-OAK,0.0
cat__ROUTE_SNA-ORD,0.0
cat__ROUTE_SNA-PDX,0.0
cat__ROUTE_SNA-PHX,0.0
cat__ROUTE_SNA-PVU,0.0
cat__ROUTE_SNA-SEA,0.0
cat__ROUTE_SNA-SFO,0.0
cat__ROUTE_SNA-SJC,0.0
cat__ROUTE_SNA-SLC,0.0
cat__ROUTE_SNA-SMF,0.0
cat__ROUTE_SNA-STS,0.0
cat__ROUTE_SNA-TUS,0.0
cat__ROUTE_SPI-PGD,0.0
cat__ROUTE_SPN-GUM,0.0
cat__ROUTE_SPS-DFW,0.0
cat__ROUTE_SRQ-ABE,0.0
cat__ROUTE_SRQ-ATL,0.0
cat__ROUTE_SRQ-ATW,0.0
cat__ROUTE_SRQ-AUS,0.0
cat__ROUTE_SRQ-AVL,0.0
cat__ROUTE_SRQ-BLV,0.0
cat__ROUTE_SRQ-BNA,0.0
cat__ROUTE_SRQ-BOS,0.0
cat__ROUTE_SRQ-BUF,0.0
cat__ROUTE_SRQ-BWI,0.0
cat__ROUTE_SRQ-CAK,0.0
cat__ROUTE_SRQ-CID,0.0
cat__ROUTE_SRQ-CLE,0.0
cat__ROUTE_SRQ-CLT,0.0
cat__ROUTE_SRQ-CVG,0.0
cat__ROUTE_SRQ-DAL,0.0
cat__ROUTE_SRQ-DCA,0.0
cat__ROUTE_SRQ-DEN,0.0
cat__ROUTE_SRQ-DFW,0.0
cat__ROUTE_SRQ-DSM,0.0
cat__ROUTE_SRQ-DTW,0.0
cat__ROUTE_SRQ-EWR,0.0
cat__ROUTE_SRQ-FNT,0.0
cat__ROUTE_SRQ-FWA,0.0
cat__ROUTE_SRQ-GRR,0.0
cat__ROUTE_SRQ-IAD,0.0
cat__ROUTE_SRQ-IAH,0.0
cat__ROUTE_SRQ-IND,0.0
cat__ROUTE_SRQ-JFK,0.0
cat__ROUTE_SRQ-LCK,0.0
cat__ROUTE_SRQ-LGA,0.0
cat__ROUTE_SRQ-MDT,0.0
cat__ROUTE_SRQ-MDW,0.0
cat__ROUTE_SRQ-MSP,0.0
cat__ROUTE_SRQ-ORD,0.0
cat__ROUTE_SRQ-PBG,0.0
cat__ROUTE_SRQ-PHL,0.0
cat__ROUTE_SRQ-PIA,0.0
cat__ROUTE_SRQ-PIT,0.0
cat__ROUTE_SRQ-PSM,0.0
cat__ROUTE_SRQ-RFD,0.0
cat__ROUTE_SRQ-SBN,0.0
cat__ROUTE_SRQ-SDF,0.0
cat__ROUTE_SRQ-STL,0.0
cat__ROUTE_SRQ-SYR,0.0
cat__ROUTE_STC-AZA,0.0
cat__ROUTE_STC-PGD,0.0
cat__ROUTE_STL-ATL,0.0
cat__ROUTE_STL-AUS,0.0
cat__ROUTE_STL-BNA,0.0
cat__ROUTE_STL-BOS,0.0
cat__ROUTE_STL-BUR,0.0
cat__ROUTE_STL-BWI,0.0
cat__ROUTE_STL-CLE,0.0
cat__ROUTE_STL-CLT,0.0
cat__ROUTE_STL-CMH,0.0
cat__ROUTE_STL-DAL,0.0
cat__ROUTE_STL-DCA,0.0
cat__ROUTE_STL-DEN,0.0
cat__ROUTE_STL-DFW,0.0
cat__ROUTE_STL-DSM,0.0
cat__ROUTE_STL-DTW,0.0
cat__ROUTE_STL-ECP,0.0
cat__ROUTE_STL-EWR,0.0
cat__ROUTE_STL-FLL,0.0
cat__ROUTE_STL-HOU,0.0
cat__ROUTE_STL-IAH,0.0
cat__ROUTE_STL-ICT,0.0
cat__ROUTE_STL-JAX,0.0
cat__ROUTE_STL-LAS,0.0
cat__ROUTE_STL-LAX,0.0
cat__ROUTE_STL-LGA,0.0
cat__ROUTE_STL-LGB,0.0
cat__ROUTE_STL-LIT,0.0
cat__ROUTE_STL-MCI,0.0
cat__ROUTE_STL-MCO,0.0
cat__ROUTE_STL-MDW,0.0
cat__ROUTE_STL-MIA,0.0
cat__ROUTE_STL-MKE,0.0
cat__ROUTE_STL-MSP,0.0
cat__ROUTE_STL-MSY,0.0
cat__ROUTE_STL-OAK,0.0
cat__ROUTE_STL-OKC,0.0
cat__ROUTE_STL-OMA,0.0
cat__ROUTE_STL-ORD,0.0
cat__ROUTE_STL-PHL,0.0
cat__ROUTE_STL-PHX,0.0
cat__ROUTE_STL-PIT,0.0
cat__ROUTE_STL-PNS,0.0
cat__ROUTE_STL-RDU,0.0
cat__ROUTE_STL-RSW,0.0
cat__ROUTE_STL-SAN,0.0
cat__ROUTE_STL-SAT,0.0
cat__ROUTE_STL-SEA,0.0
cat__ROUTE_STL-SFO,0.0
cat__ROUTE_STL-SJC,0.0
cat__ROUTE_STL-SJU,0.0
cat__ROUTE_STL-SLC,0.0
cat__ROUTE_STL-SMF,0.0
cat__ROUTE_STL-SRQ,0.0
cat__ROUTE_STL-TPA,0.0
cat__ROUTE_STL-TUL,0.0
cat__ROUTE_STS-BUR,0.0
cat__ROUTE_STS-LAS,0.0
cat__ROUTE_STS-LAX,0.0
cat__ROUTE_STS-PDX,0.0
cat__ROUTE_STS-PHX,0.0
cat__ROUTE_STS-SAN,0.0
cat__ROUTE_STS-SEA,0.0
cat__ROUTE_STS-SNA,0.0
cat__ROUTE_STT-ATL,0.0
cat__ROUTE_STT-CLT,0.0
cat__ROUTE_STT-DFW,0.0
cat__ROUTE_STT-EWR,0.0
cat__ROUTE_STT-FLL,0.0
cat__ROUTE_STT-IAD,0.0
cat__ROUTE_STT-IAH,0.0
cat__ROUTE_STT-JFK,0.0
cat__ROUTE_STT-MCO,0.0
cat__ROUTE_STT-MIA,0.0
cat__ROUTE_STT-ORD,0.0
cat__ROUTE_STT-PHL,0.0
cat__ROUTE_STT-SJU,0.0
cat__ROUTE_STX-ATL,0.0
cat__ROUTE_STX-CLT,0.0
cat__ROUTE_STX-FLL,0.0
cat__ROUTE_STX-MIA,0.0
cat__ROUTE_STX-SJU,0.0
cat__ROUTE_SUN-DEN,0.0
cat__ROUTE_SUN-LAX,0.0
cat__ROUTE_SUN-ORD,0.0
cat__ROUTE_SUN-SEA,0.0
cat__ROUTE_SUN-SFO,0.0
cat__ROUTE_SUN-SLC,0.0
cat__ROUTE_SUX-DEN,0.0
cat__ROUTE_SUX-ORD,0.0
cat__ROUTE_SWF-FLL,0.0
cat__ROUTE_SWF-MYR,0.0
cat__ROUTE_SWF-PGD,0.0
cat__ROUTE_SWF-PIE,0.0
cat__ROUTE_SWF-SFB,0.0
cat__ROUTE_SWO-DFW,0.0
cat__ROUTE_SYR-ATL,0.0
cat__ROUTE_SYR-BNA,0.0
cat__ROUTE_SYR-BOS,0.0
cat__ROUTE_SYR-CLT,0.0
cat__ROUTE_SYR-DCA,0.0
cat__ROUTE_SYR-DEN,0.0
cat__ROUTE_SYR-DFW,0.0
cat__ROUTE_SYR-DTW,0.0
cat__ROUTE_SYR-EWR,0.0
cat__ROUTE_SYR-FLL,0.0
cat__ROUTE_SYR-IAD,0.0
cat__ROUTE_SYR-JFK,0.0
cat__ROUTE_SYR-LGA,0.0
cat__ROUTE_SYR-MCO,0.0
cat__ROUTE_SYR-MIA,0.0
cat__ROUTE_SYR-MSP,0.0
cat__ROUTE_SYR-ORD,0.0
cat__ROUTE_SYR-PGD,0.0
cat__ROUTE_SYR-PIE,0.0
cat__ROUTE_SYR-SFB,0.0
cat__ROUTE_SYR-SRQ,0.0
cat__ROUTE_TLH-ATL,0.0
cat__ROUTE_TLH-CLT,0.0
cat__ROUTE_TLH-DCA,0.0
cat__ROUTE_TLH-DFW,0.0
cat__ROUTE_TLH-MIA,0.0
cat__ROUTE_TOL-PGD,0.0
cat__ROUTE_TOL-PIE,0.0
cat__ROUTE_TOL-SFB,0.0
cat__ROUTE_TPA-ACY,0.0
cat__ROUTE_TPA-ALB,0.0
cat__ROUTE_TPA-ATL,0.0
cat__ROUTE_TPA-AUS,0.0
cat__ROUTE_TPA-BDL,0.0
cat__ROUTE_TPA-BHM,0.0
cat__ROUTE_TPA-BNA,0.0
cat__ROUTE_TPA-BOS,0.0
cat__ROUTE_TPA-BTV,0.0
cat__ROUTE_TPA-BUF,0.0
cat__ROUTE_TPA-BWI,0.0
cat__ROUTE_TPA-CLE,0.0
cat__ROUTE_TPA-CLT,0.0
cat__ROUTE_TPA-CMH,0.0
cat__ROUTE_TPA-CVG,0.0
cat__ROUTE_TPA-DAL,0.0
cat__ROUTE_TPA-DCA,0.0
cat__ROUTE_TPA-DEN,0.0
cat__ROUTE_TPA-DFW,0.0
cat__ROUTE_TPA-DTW,0.0
cat__ROUTE_TPA-EWR,0.0
cat__ROUTE_TPA-FLL,0.0
cat__ROUTE_TPA-GRR,0.0
cat__ROUTE_TPA-HOU,0.0
cat__ROUTE_TPA-HPN,0.0
cat__ROUTE_TPA-IAD,0.0
cat__ROUTE_TPA-IAH,0.0
cat__ROUTE_TPA-IND,0.0
cat__ROUTE_TPA-ISP,0.0
cat__ROUTE_TPA-JFK,0.0
cat__ROUTE_TPA-LAS,0.0
cat__ROUTE_TPA-LAX,0.0
cat__ROUTE_TPA-LGA,0.0
cat__ROUTE_TPA-MCI,0.0
cat__ROUTE_TPA-MDW,0.0
cat__ROUTE_TPA-MHT,0.0
cat__ROUTE_TPA-MIA,0.0
cat__ROUTE_TPA-MKE,0.0
cat__ROUTE_TPA-MSP,0.0
cat__ROUTE_TPA-MSY,0.0
cat__ROUTE_TPA-OMA,0.0
cat__ROUTE_TPA-ORD,0.0
cat__ROUTE_TPA-PDX,0.0
cat__ROUTE_TPA-PHL,0.0
cat__ROUTE_TPA-PHX,0.0
cat__ROUTE_TPA-PIT,0.0
cat__ROUTE_TPA-PVD,0.0
cat__ROUTE_TPA-PWM,0.0
cat__ROUTE_TPA-RDU,0.0
cat__ROUTE_TPA-ROC,0.0
cat__ROUTE_TPA-SAN,0.0
cat__ROUTE_TPA-SAT,0.0
cat__ROUTE_TPA-SDF,0.0
cat__ROUTE_TPA-SEA,0.0
cat__ROUTE_TPA-SFO,0.0
cat__ROUTE_TPA-SJU,0.0
cat__ROUTE_TPA-SLC,0.0
cat__ROUTE_TPA-STL,0.0
cat__ROUTE_TPA-TTN,0.0
cat__ROUTE_TRI-CLT,0.0
cat__ROUTE_TRI-DFW,0.0
cat__ROUTE_TRI-SFB,0.0
cat__ROUTE_TTN-ATL,0.0
cat__ROUTE_TTN-MCO,0.0
cat__ROUTE_TTN-PBI,0.0
cat__ROUTE_TTN-RSW,0.0
cat__ROUTE_TTN-TPA,0.0
cat__ROUTE_TUL-ATL,0.0
cat__ROUTE_TUL-AUS,0.0
cat__ROUTE_TUL-CLT,0.0
cat__ROUTE_TUL-DAL,0.0
cat__ROUTE_TUL-DCA,0.0
cat__ROUTE_TUL-DEN,0.0
cat__ROUTE_TUL-DFW,0.0
cat__ROUTE_TUL-HOU,0.0
cat__ROUTE_TUL-IAH,0.0
cat__ROUTE_TUL-LAS,0.0
cat__ROUTE_TUL-LAX,0.0
cat__ROUTE_TUL-LGA,0.0
cat__ROUTE_TUL-MCO,0.0
cat__ROUTE_TUL-MDW,0.0
cat__ROUTE_TUL-MIA,0.0
cat__ROUTE_TUL-ORD,0.0
cat__ROUTE_TUL-PHX,0.0
cat__ROUTE_TUL-SFB,0.0
cat__ROUTE_TUL-SLC,0.0
cat__ROUTE_TUL-STL,0.0
cat__ROUTE_TUS-ATL,0.0
cat__ROUTE_TUS-DAL,0.0
cat__ROUTE_TUS-DEN,0.0
cat__ROUTE_TUS-DFW,0.0
cat__ROUTE_TUS-HOU,0.0
cat__ROUTE_TUS-IAH,0.0
cat__ROUTE_TUS-LAS,0.0
cat__ROUTE_TUS-LAX,0.0
cat__ROUTE_TUS-MDW,0.0
cat__ROUTE_TUS-MSP,0.0
cat__ROUTE_TUS-ORD,0.0
cat__ROUTE_TUS-PDX,0.0
cat__ROUTE_TUS-PHX,0.0
cat__ROUTE_TUS-SAN,0.0
cat__ROUTE_TUS-SEA,0.0
cat__ROUTE_TUS-SFO,0.0
cat__ROUTE_TUS-SLC,0.0
cat__ROUTE_TUS-SMF,0.0
cat__ROUTE_TUS-SNA,0.0
cat__ROUTE_TVC-CLT,0.0
cat__ROUTE_TVC-DTW,0.0
cat__ROUTE_TVC-FLL,0.0
cat__ROUTE_TVC-ORD,0.0
cat__ROUTE_TVC-PGD,0.0
cat__ROUTE_TVC-PIE,0.0
cat__ROUTE_TVC-SFB,0.0
cat__ROUTE_TWF-SLC,0.0
cat__ROUTE_TXK-DFW,0.0
cat__ROUTE_TYR-DFW,0.0
cat__ROUTE_TYS-ATL,0.0
cat__ROUTE_TYS-AUS,0.0
cat__ROUTE_TYS-BLV,0.0
cat__ROUTE_TYS-BOS,0.0
cat__ROUTE_TYS-CLT,0.0
cat__ROUTE_TYS-DCA,0.0
cat__ROUTE_TYS-DEN,0.0
cat__ROUTE_TYS-DFW,0.0
cat__ROUTE_TYS-EWR,0.0
cat__ROUTE_TYS-FLL,0.0
cat__ROUTE_TYS-HOU,0.0
cat__ROUTE_TYS-JAX,0.0
cat__ROUTE_TYS-LAS,0.0
cat__ROUTE_TYS-LGA,0.0
cat__ROUTE_TYS-MCO,0.0
cat__ROUTE_TYS-MIA,0.0
cat__ROUTE_TYS-ORD,0.0
cat__ROUTE_TYS-PGD,0.0
cat__ROUTE_TYS-PHL,0.0
cat__ROUTE_TYS-PHX,0.0
cat__ROUTE_TYS-PIE,0.0
cat__ROUTE_TYS-SBN,0.0
cat__ROUTE_TYS-SFB,0.0
cat__ROUTE_USA-FLL,0.0
cat__ROUTE_USA-PGD,0.0
cat__ROUTE_USA-PIE,0.0
cat__ROUTE_USA-SFB,0.0
cat__ROUTE_VCT-IAH,0.0
cat__ROUTE_VPS-ATL,0.0
cat__ROUTE_VPS-BLV,0.0
cat__ROUTE_VPS-BNA,0.0
cat__ROUTE_VPS-CLT,0.0
cat__ROUTE_VPS-CVG,0.0
cat__ROUTE_VPS-DAL,0.0
cat__ROUTE_VPS-DCA,0.0
cat__ROUTE_VPS-DFW,0.0
cat__ROUTE_VPS-EWR,0.0
cat__ROUTE_VPS-FNT,0.0
cat__ROUTE_VPS-GRR,0.0
cat__ROUTE_VPS-HOU,0.0
cat__ROUTE_VPS-LAS,0.0
cat__ROUTE_VPS-MDW,0.0
cat__ROUTE_VPS-MSP,0.0
cat__ROUTE_VPS-SDF,0.0
cat__ORIGIN_ADQ,0.0
cat__ROUTE_WRG-KTN,0.0
cat__ROUTE_WRG-PSG,0.0
cat__ROUTE_XNA-AZA,0.0
cat__ROUTE_XNA-BNA,0.0
cat__ROUTE_XNA-CLT,0.0
cat__ROUTE_XNA-DCA,0.0
cat__ROUTE_XNA-DEN,0.0
cat__ROUTE_XNA-DFW,0.0
cat__ROUTE_XNA-FLL,0.0
cat__ROUTE_XNA-LAS,0.0
cat__ROUTE_XNA-LAX,0.0
cat__ROUTE_XNA-LGA,0.0
cat__ROUTE_XNA-MIA,0.0
cat__ROUTE_XNA-ORD,0.0
cat__ROUTE_XNA-PHX,0.0
cat__ROUTE_XNA-PHL,0.0
cat__ROUTE_XNA-SFB,0.0
cat__ROUTE_XNA-VPS,0.0
cat__ROUTE_XWA-DEN,0.0
cat__ROUTE_XWA-MSP,0.0
cat__ROUTE_YAK-CDV,0.0
cat__ROUTE_YAK-JNU,0.0
cat__ROUTE_YUM-DFW,0.0
cat__ROUTE_YUM-PHX,0.0
cat__ORIGIN_ABE,0.0
cat__ORIGIN_ABI,0.0
cat__ORIGIN_ABQ,0.0
cat__ORIGIN_ABR,0.0
cat__ORIGIN_ABY,0.0
cat__ORIGIN_ACT,0.0
cat__ROUTE_SEA-LAS,0.0
